date,division,index
2000/1/1,overall,80.3
2000/2/1,overall,80.4
2000/3/1,overall,80.3
2000/4/1,overall,80.3
2000/5/1,overall,80.4
2000/6/1,overall,80.4
2000/7/1,overall,80.5
2000/8/1,overall,80.5
2000/9/1,overall,80.5
2000/10/1,overall,80.8
2000/11/1,overall,80.9
2000/12/1,overall,81.3
2001/1/1,overall,81.5
2001/2/1,overall,81.7
2001/3/1,overall,81.5
2001/4/1,overall,81.6
2001/5/1,overall,81.7
2001/6/1,overall,81.6
2001/7/1,overall,81.6
2001/8/1,overall,81.5
2001/9/1,overall,81.6
2001/10/1,overall,81.5
2001/11/1,overall,82.2
2001/12/1,overall,82.2
2002/1/1,overall,82.4
2002/2/1,overall,82.6
2002/3/1,overall,83.2
2002/4/1,overall,83.1
2002/5/1,overall,83.2
2002/6/1,overall,83.3
2002/7/1,overall,83.3
2002/8/1,overall,83.2
2002/9/1,overall,83.3
2002/10/1,overall,83.2
2002/11/1,overall,83.4
2002/12/1,overall,83.6
2003/1/1,overall,83.8
2003/2/1,overall,83.9
2003/3/1,overall,83.8
2003/4/1,overall,83.9
2003/5/1,overall,84
2003/6/1,overall,83.9
2003/7/1,overall,84.1
2003/8/1,overall,84
2003/9/1,overall,84.2
2003/10/1,overall,84.2
2003/11/1,overall,84.3
2003/12/1,overall,84.6
2004/1/1,overall,84.6
2004/2/1,overall,84.6
2004/3/1,overall,84.6
2004/4/1,overall,84.7
2004/5/1,overall,85
2004/6/1,overall,85
2004/7/1,overall,85.2
2004/8/1,overall,85.2
2004/9/1,overall,85.5
2004/10/1,overall,86
2004/11/1,overall,86.2
2004/12/1,overall,86.3
2005/1/1,overall,86.6
2005/2/1,overall,86.7
2005/3/1,overall,86.7
2005/4/1,overall,86.8
2005/5/1,overall,87.5
2005/6/1,overall,87.7
2005/7/1,overall,87.7
2005/8/1,overall,88.3
2005/9/1,overall,88.5
2005/10/1,overall,88.7
2005/11/1,overall,89
2005/12/1,overall,89.1
2006/1/1,overall,89.4
2006/2/1,overall,89.5
2006/3/1,overall,90.8
2006/4/1,overall,90.8
2006/5/1,overall,91
2006/6/1,overall,91.1
2006/7/1,overall,91.3
2006/8/1,overall,91.2
2006/9/1,overall,91.4
2006/10/1,overall,91.4
2006/11/1,overall,91.7
2006/12/1,overall,91.8
2007/1/1,overall,92.3
2007/2/1,overall,92.3
2007/3/1,overall,92.2
2007/4/1,overall,92.2
2007/5/1,overall,92.3
2007/6/1,overall,92.5
2007/7/1,overall,92.8
2007/8/1,overall,93
2007/9/1,overall,93.1
2007/10/1,overall,93.2
2007/11/1,overall,93.8
2007/12/1,overall,94
2008/1/1,overall,94.4
2008/2/1,overall,94.7
2008/3/1,overall,94.7
2008/4/1,overall,95
2008/5/1,overall,95.8
2008/6/1,overall,99.6
2008/7/1,overall,100.7
2008/8/1,overall,100.9
2008/9/1,overall,100.7
2008/10/1,overall,100.3
2008/11/1,overall,99.1
2008/12/1,overall,98.2
2009/1/1,overall,98.1
2009/2/1,overall,98.3
2009/3/1,overall,98.1
2009/4/1,overall,97.9
2009/5/1,overall,98.1
2009/6/1,overall,98.2
2009/7/1,overall,98.3
2009/8/1,overall,98.4
2009/9/1,overall,98.7
2009/10/1,overall,98.8
2009/11/1,overall,99
2009/12/1,overall,99.2
2010/1/1,overall,99.4
2010/2/1,overall,99.4
2010/3/1,overall,99.4
2010/4/1,overall,99.4
2010/5/1,overall,99.6
2010/6/1,overall,99.7
2010/7/1,overall,100
2010/8/1,overall,100.3
2010/9/1,overall,100.4
2010/10/1,overall,100.6
2010/11/1,overall,100.8
2010/12/1,overall,101.2
2011/1/1,overall,101.8
2011/2/1,overall,102.3
2011/3/1,overall,102.4
2011/4/1,overall,102.6
2011/5/1,overall,102.9
2011/6/1,overall,103.2
2011/7/1,overall,103.4
2011/8/1,overall,103.6
2011/9/1,overall,103.9
2011/10/1,overall,104
2011/11/1,overall,104.1
2011/12/1,overall,104.2
2012/1/1,overall,104.5
2012/2/1,overall,104.5
2012/3/1,overall,104.5
2012/4/1,overall,104.5
2012/5/1,overall,104.7
2012/6/1,overall,104.8
2012/7/1,overall,104.8
2012/8/1,overall,105
2012/9/1,overall,105.2
2012/10/1,overall,105.4
2012/11/1,overall,105.5
2012/12/1,overall,105.5
2013/1/1,overall,105.9
2013/2/1,overall,106.1
2013/3/1,overall,106.2
2013/4/1,overall,106.3
2013/5/1,overall,106.6
2013/6/1,overall,106.7
2013/7/1,overall,106.9
2013/8/1,overall,107
2013/9/1,overall,107.9
2013/10/1,overall,108.3
2013/11/1,overall,108.6
2013/12/1,overall,108.9
2014/1/1,overall,109.5
2014/2/1,overall,109.8
2014/3/1,overall,109.9
2014/4/1,overall,109.9
2014/5/1,overall,110
2014/6/1,overall,110.2
2014/7/1,overall,110.3
2014/8/1,overall,110.5
2014/9/1,overall,110.7
2014/10/1,overall,111.3
2014/11/1,overall,111.9
2014/12/1,overall,111.8
2015/1/1,overall,110.6
2015/2/1,overall,109.9
2015/3/1,overall,110.9
2015/4/1,overall,111.9
2015/5/1,overall,112.3
2015/6/1,overall,113
2015/7/1,overall,113.9
2015/8/1,overall,113.9
2015/9/1,overall,113.6
2015/10/1,overall,114.1
2015/11/1,overall,114.8
2015/12/1,overall,114.8
2016/1/1,overall,114.5
2016/2/1,overall,114.5
2016/3/1,overall,113.8
2016/4/1,overall,114.3
2016/5/1,overall,114.6
2016/6/1,overall,114.8
2016/7/1,overall,115.1
2016/8/1,overall,115.6
2016/9/1,overall,115.3
2016/10/1,overall,115.7
2016/11/1,overall,116.8
2016/12/1,overall,116.8
2017/1/1,overall,118.1
2017/2/1,overall,119.6
2017/3/1,overall,119.4
2017/4/1,overall,119.2
2017/5/1,overall,119
2017/6/1,overall,118.7
2017/7/1,overall,118.7
2017/8/1,overall,119.8
2017/9/1,overall,120.1
2017/10/1,overall,120
2017/11/1,overall,120.8
2017/12/1,overall,120.9
2018/1/1,overall,121.3
2018/2/1,overall,121.3
2018/3/1,overall,120.9
2018/4/1,overall,120.9
2018/5/1,overall,121.1
2018/6/1,overall,119.6
2018/7/1,overall,119.8
2018/8/1,overall,120
2018/9/1,overall,120.5
2018/10/1,overall,120.7
2018/11/1,overall,121
2018/12/1,overall,121.1
2019/1/1,overall,120.5
2019/2/1,overall,120.8
2019/3/1,overall,121.1
2019/4/1,overall,121.1
2019/5/1,overall,121.4
2019/6/1,overall,121.4
2019/7/1,overall,121.5
2019/8/1,overall,121.8
2019/9/1,overall,121.8
2019/10/1,overall,122
2019/11/1,overall,122.1
2019/12/1,overall,122.3
2020/1/1,overall,122.4
2020/2/1,overall,122.4
2020/3/1,overall,120.9
2020/4/1,overall,117.6
2020/5/1,overall,117.9
2020/6/1,overall,119.1
2020/7/1,overall,119.9
2020/8/1,overall,120.1
2020/9/1,overall,120.1
2020/10/1,overall,120.2
2020/11/1,overall,120
2020/12/1,overall,120.6
2021/1/1,overall,122.1
2021/2/1,overall,122.5
2021/3/1,overall,122.9
2021/4/1,overall,123.1
2021/5/1,overall,123.1
2021/6/1,overall,123.2
2021/7/1,overall,122.5
2021/8/1,overall,122.5
2021/9/1,overall,122.8
2021/10/1,overall,123.7
2021/11/1,overall,124
2021/12/1,overall,124.5
2022/1/1,overall,124.9
2022/2/1,overall,125.2
2022/3/1,overall,125.6
2022/4/1,overall,125.9
2022/5/1,overall,126.6
2022/6/1,overall,127.4
2022/7/1,overall,127.9
2022/8/1,overall,128.2
2022/9/1,overall,128.3
2022/10/1,overall,128.6
2022/11/1,overall,129
2022/12/1,overall,129.2
2023/1/1,overall,129.5
2023/2/1,overall,129.8
2023/3/1,overall,129.9
2023/4/1,overall,130
2023/5/1,overall,130.2
2023/6/1,overall,130.4
2023/7/1,overall,130.5
2023/8/1,overall,130.7
2023/9/1,overall,130.8
2023/10/1,overall,130.9
2023/11/1,overall,130.9
2023/12/1,overall,131.2
2024/1/1,overall,131.4
2024/2/1,overall,132.1
2024/3/1,overall,132.2
2024/4/1,overall,132.4
2024/5/1,overall,132.8
2024/6/1,overall,133
2024/7/1,overall,133.1
2024/8/1,overall,133.2
2024/9/1,overall,133.2
2024/10/1,overall,133.4
2024/11/1,overall,133.3
2024/12/1,overall,133.4
2025/1/1,overall,133.6
2025/2/1,overall,134.1
2000/1/1,01,74.8
2000/2/1,01,74.6
2000/3/1,01,74.3
2000/4/1,01,74.3
2000/5/1,01,74.3
2000/6/1,01,74.3
2000/7/1,01,74.3
2000/8/1,01,74.1
2000/9/1,01,74
2000/10/1,01,74
2000/11/1,01,74
2000/12/1,01,74.9
2001/1/1,01,75.3
2001/2/1,01,75.2
2001/3/1,01,74.8
2001/4/1,01,74.8
2001/5/1,01,75
2001/6/1,01,74.7
2001/7/1,01,74.6
2001/8/1,01,74.4
2001/9/1,01,74.7
2001/10/1,01,74.4
2001/11/1,01,74.9
2001/12/1,01,75.1
2002/1/1,01,75.5
2002/2/1,01,75.9
2002/3/1,01,75.3
2002/4/1,01,75.1
2002/5/1,01,75
2002/6/1,01,75.3
2002/7/1,01,75.2
2002/8/1,01,75.1
2002/9/1,01,75.1
2002/10/1,01,75.1
2002/11/1,01,75.6
2002/12/1,01,76.1
2003/1/1,01,76.4
2003/2/1,01,76.6
2003/3/1,01,76
2003/4/1,01,76.1
2003/5/1,01,76.2
2003/6/1,01,76.1
2003/7/1,01,76.3
2003/8/1,01,76.3
2003/9/1,01,76.2
2003/10/1,01,76.4
2003/11/1,01,76.6
2003/12/1,01,77.2
2004/1/1,01,77.3
2004/2/1,01,77.3
2004/3/1,01,77.1
2004/4/1,01,77.3
2004/5/1,01,77.7
2004/6/1,01,78
2004/7/1,01,78.2
2004/8/1,01,78.3
2004/9/1,01,78.1
2004/10/1,01,78.6
2004/11/1,01,79.2
2004/12/1,01,79.5
2005/1/1,01,79.8
2005/2/1,01,79.8
2005/3/1,01,79.9
2005/4/1,01,80.2
2005/5/1,01,80.6
2005/6/1,01,81
2005/7/1,01,80.8
2005/8/1,01,81.1
2005/9/1,01,81.3
2005/10/1,01,81.6
2005/11/1,01,82.1
2005/12/1,01,82.5
2006/1/1,01,83.1
2006/2/1,01,83
2006/3/1,01,82.7
2006/4/1,01,82.7
2006/5/1,01,83.2
2006/6/1,01,83.6
2006/7/1,01,83.9
2006/8/1,01,83.7
2006/9/1,01,83.8
2006/10/1,01,84
2006/11/1,01,84.5
2006/12/1,01,84.9
2007/1/1,01,85.7
2007/2/1,01,85.7
2007/3/1,01,85.3
2007/4/1,01,85.3
2007/5/1,01,85.3
2007/6/1,01,85.5
2007/7/1,01,85.8
2007/8/1,01,86.1
2007/9/1,01,86.3
2007/10/1,01,86.5
2007/11/1,01,87.8
2007/12/1,01,88.5
2008/1/1,01,89.1
2008/2/1,01,89.5
2008/3/1,01,89.5
2008/4/1,01,90.1
2008/5/1,01,92.2
2008/6/1,01,94.1
2008/7/1,01,95.4
2008/8/1,01,96.2
2008/9/1,01,96.9
2008/10/1,01,97.1
2008/11/1,01,97.4
2008/12/1,01,97.7
2009/1/1,01,97.8
2009/2/1,01,97.8
2009/3/1,01,97.3
2009/4/1,01,96.9
2009/5/1,01,97
2009/6/1,01,97.2
2009/7/1,01,97.4
2009/8/1,01,97.5
2009/9/1,01,97.9
2009/10/1,01,97.9
2009/11/1,01,98.3
2009/12/1,01,98.8
2010/1/1,01,99
2010/2/1,01,99
2010/3/1,01,99
2010/4/1,01,99.1
2010/5/1,01,99.5
2010/6/1,01,100
2010/7/1,01,100.2
2010/8/1,01,100.5
2010/9/1,01,100.5
2010/10/1,01,100.6
2010/11/1,01,101.1
2010/12/1,01,101.4
2011/1/1,01,102.6
2011/2/1,01,103.7
2011/3/1,01,103.7
2011/4/1,01,104
2011/5/1,01,104
2011/6/1,01,104.7
2011/7/1,01,105.1
2011/8/1,01,105.1
2011/9/1,01,105.5
2011/10/1,01,106.3
2011/11/1,01,106.3
2011/12/1,01,106.6
2012/1/1,01,107.5
2012/2/1,01,106.7
2012/3/1,01,106.7
2012/4/1,01,106.4
2012/5/1,01,107.1
2012/6/1,01,107.7
2012/7/1,01,107.8
2012/8/1,01,108
2012/9/1,01,108
2012/10/1,01,108.4
2012/11/1,01,108.4
2012/12/1,01,108.7
2013/1/1,01,109.9
2013/2/1,01,110.2
2013/3/1,01,110.2
2013/4/1,01,110.4
2013/5/1,01,110.8
2013/6/1,01,111.2
2013/7/1,01,112
2013/8/1,01,111.9
2013/9/1,01,112.2
2013/10/1,01,112.4
2013/11/1,01,112.6
2013/12/1,01,113.6
2014/1/1,01,114.5
2014/2/1,01,114.4
2014/3/1,01,114.5
2014/4/1,01,114.4
2014/5/1,01,114.5
2014/6/1,01,115.1
2014/7/1,01,115.5
2014/8/1,01,115.6
2014/9/1,01,115.8
2014/10/1,01,115.6
2014/11/1,01,115.9
2014/12/1,01,116.3
2015/1/1,01,117.7
2015/2/1,01,117.5
2015/3/1,01,117.1
2015/4/1,01,118
2015/5/1,01,118.5
2015/6/1,01,119
2015/7/1,01,119.9
2015/8/1,01,120.5
2015/9/1,01,120.8
2015/10/1,01,121
2015/11/1,01,120.7
2015/12/1,01,121.6
2016/1/1,01,122.3
2016/2/1,01,123.1
2016/3/1,01,123
2016/4/1,01,123
2016/5/1,01,123.4
2016/6/1,01,124
2016/7/1,01,124.4
2016/8/1,01,124.7
2016/9/1,01,124.4
2016/10/1,01,124
2016/11/1,01,124.9
2016/12/1,01,125.7
2017/1/1,01,126.8
2017/2/1,01,128
2017/3/1,01,127.5
2017/4/1,01,127.6
2017/5/1,01,128.3
2017/6/1,01,128.8
2017/7/1,01,129.2
2017/8/1,01,129.6
2017/9/1,01,129.7
2017/10/1,01,129.4
2017/11/1,01,129.9
2017/12/1,01,130.8
2018/1/1,01,131.6
2018/2/1,01,131.8
2018/3/1,01,131.1
2018/4/1,01,130.9
2018/5/1,01,131.1
2018/6/1,01,129.8
2018/7/1,01,130.1
2018/8/1,01,130.1
2018/9/1,01,130.3
2018/10/1,01,131
2018/11/1,01,131.3
2018/12/1,01,131.7
2019/1/1,01,132.9
2019/2/1,01,133.1
2019/3/1,01,132.5
2019/4/1,01,132.3
2019/5/1,01,132.7
2019/6/1,01,132.8
2019/7/1,01,133.2
2019/8/1,01,133.5
2019/9/1,01,133.2
2019/10/1,01,133.3
2019/11/1,01,133.3
2019/12/1,01,133.9
2020/1/1,01,134.1
2020/2/1,01,134.2
2020/3/1,01,134.1
2020/4/1,01,133.9
2020/5/1,01,134.3
2020/6/1,01,134.9
2020/7/1,01,135
2020/8/1,01,135.2
2020/9/1,01,135.1
2020/10/1,01,135.3
2020/11/1,01,135.1
2020/12/1,01,135.8
2021/1/1,01,136.1
2021/2/1,01,136.1
2021/3/1,01,136.1
2021/4/1,01,136.5
2021/5/1,01,136.3
2021/6/1,01,136.7
2021/7/1,01,136.7
2021/8/1,01,136.8
2021/9/1,01,137.6
2021/10/1,01,137.9
2021/11/1,01,138.7
2021/12/1,01,140.1
2022/1/1,01,141
2022/2/1,01,141.2
2022/3/1,01,141.6
2022/4/1,01,142.1
2022/5/1,01,143.4
2022/6/1,01,145.1
2022/7/1,01,146.1
2022/8/1,01,146.6
2022/9/1,01,147
2022/10/1,01,147.7
2022/11/1,01,148.8
2022/12/1,01,149.6
2023/1/1,01,150.5
2023/2/1,01,151.1
2023/3/1,01,151.3
2023/4/1,01,151.1
2023/5/1,01,151.8
2023/6/1,01,151.9
2023/7/1,01,152.5
2023/8/1,01,152.6
2023/9/1,01,152.8
2023/10/1,01,153
2023/11/1,01,152.6
2023/12/1,01,153
2024/1/1,01,153.5
2024/2/1,01,153.9
2024/3/1,01,153.9
2024/4/1,01,154.1
2024/5/1,01,154.5
2024/6/1,01,154.9
2024/7/1,01,155
2024/8/1,01,155.1
2024/9/1,01,155.2
2024/10/1,01,156.5
2024/11/1,01,156.5
2024/12/1,01,157.2
2025/1/1,01,157.4
2025/2/1,01,157.7
2000/1/1,02,54.9
2000/2/1,02,54.9
2000/3/1,02,55
2000/4/1,02,55.1
2000/5/1,02,55.1
2000/6/1,02,55.1
2000/7/1,02,55.2
2000/8/1,02,55.2
2000/9/1,02,55.3
2000/10/1,02,55.3
2000/11/1,02,57.5
2000/12/1,02,57.5
2001/1/1,02,57.5
2001/2/1,02,57.6
2001/3/1,02,57.6
2001/4/1,02,57.7
2001/5/1,02,57.7
2001/6/1,02,57.7
2001/7/1,02,57.8
2001/8/1,02,57.7
2001/9/1,02,57.8
2001/10/1,02,57.8
2001/11/1,02,60.5
2001/12/1,02,60.5
2002/1/1,02,60.5
2002/2/1,02,60.5
2002/3/1,02,60.5
2002/4/1,02,60.5
2002/5/1,02,60.5
2002/6/1,02,60.5
2002/7/1,02,60.6
2002/8/1,02,60.6
2002/9/1,02,60.6
2002/10/1,02,60.6
2002/11/1,02,60.6
2002/12/1,02,60.6
2003/1/1,02,60.6
2003/2/1,02,60.6
2003/3/1,02,60.6
2003/4/1,02,60.7
2003/5/1,02,60.6
2003/6/1,02,60.7
2003/7/1,02,60.7
2003/8/1,02,60.7
2003/9/1,02,63.5
2003/10/1,02,63.5
2003/11/1,02,63.5
2003/12/1,02,63.6
2004/1/1,02,63.6
2004/2/1,02,63.6
2004/3/1,02,63.7
2004/4/1,02,63.7
2004/5/1,02,63.7
2004/6/1,02,63.7
2004/7/1,02,63.8
2004/8/1,02,63.8
2004/9/1,02,71.6
2004/10/1,02,71.9
2004/11/1,02,71.9
2004/12/1,02,72
2005/1/1,02,72
2005/2/1,02,72
2005/3/1,02,72.1
2005/4/1,02,72
2005/5/1,02,72.1
2005/6/1,02,72.2
2005/7/1,02,72.3
2005/8/1,02,72.3
2005/9/1,02,72.3
2005/10/1,02,77
2005/11/1,02,77
2005/12/1,02,77
2006/1/1,02,77.1
2006/2/1,02,77.2
2006/3/1,02,77.2
2006/4/1,02,77.2
2006/5/1,02,77.2
2006/6/1,02,77.2
2006/7/1,02,77.3
2006/8/1,02,77.3
2006/9/1,02,80.9
2006/10/1,02,80.9
2006/11/1,02,80.9
2006/12/1,02,81
2007/1/1,02,80.9
2007/2/1,02,80.9
2007/3/1,02,80.9
2007/4/1,02,80.9
2007/5/1,02,80.9
2007/6/1,02,80.9
2007/7/1,02,88
2007/8/1,02,88.1
2007/9/1,02,88.1
2007/10/1,02,88.1
2007/11/1,02,88.1
2007/12/1,02,88.1
2008/1/1,02,88.2
2008/2/1,02,88.2
2008/3/1,02,88.2
2008/4/1,02,88.2
2008/5/1,02,88.3
2008/6/1,02,88.4
2008/7/1,02,88.5
2008/8/1,02,88.5
2008/9/1,02,95.5
2008/10/1,02,95.4
2008/11/1,02,95.5
2008/12/1,02,95.5
2009/1/1,02,95.5
2009/2/1,02,95.4
2009/3/1,02,95.5
2009/4/1,02,95.5
2009/5/1,02,95.5
2009/6/1,02,95.6
2009/7/1,02,95.6
2009/8/1,02,95.6
2009/9/1,02,95.6
2009/10/1,02,98.2
2009/11/1,02,98.3
2009/12/1,02,98.3
2010/1/1,02,98.3
2010/2/1,02,98.3
2010/3/1,02,98.4
2010/4/1,02,98.4
2010/5/1,02,98.4
2010/6/1,02,98.5
2010/7/1,02,98.6
2010/8/1,02,98.6
2010/9/1,02,98.7
2010/10/1,02,104.6
2010/11/1,02,104.6
2010/12/1,02,104.6
2011/1/1,02,104.6
2011/2/1,02,104.6
2011/3/1,02,104.6
2011/4/1,02,104.6
2011/5/1,02,104.6
2011/6/1,02,104.7
2011/7/1,02,104.6
2011/8/1,02,104.6
2011/9/1,02,104.6
2011/10/1,02,104.6
2011/11/1,02,104.6
2011/12/1,02,104.6
2012/1/1,02,104.6
2012/2/1,02,104.6
2012/3/1,02,104.6
2012/4/1,02,104.6
2012/5/1,02,104.7
2012/6/1,02,104.7
2012/7/1,02,104.7
2012/8/1,02,104.8
2012/9/1,02,104.9
2012/10/1,02,104.9
2012/11/1,02,106.6
2012/12/1,02,106.6
2013/1/1,02,106.7
2013/2/1,02,106.7
2013/3/1,02,106.7
2013/4/1,02,106.7
2013/5/1,02,106.7
2013/6/1,02,109.1
2013/7/1,02,109.1
2013/8/1,02,109.1
2013/9/1,02,109.6
2013/10/1,02,121.7
2013/11/1,02,121.7
2013/12/1,02,121.6
2014/1/1,02,121.7
2014/2/1,02,121.7
2014/3/1,02,121.7
2014/4/1,02,121.7
2014/5/1,02,121.7
2014/6/1,02,121.8
2014/7/1,02,121.8
2014/8/1,02,121.8
2014/9/1,02,125.8
2014/10/1,02,121.9
2014/11/1,02,134.5
2014/12/1,02,134.5
2015/1/1,02,134.6
2015/2/1,02,134.6
2015/3/1,02,134.6
2015/4/1,02,137.5
2015/5/1,02,135.4
2015/6/1,02,135.6
2015/7/1,02,138
2015/8/1,02,138.1
2015/9/1,02,138.1
2015/10/1,02,138.1
2015/11/1,02,162.3
2015/12/1,02,165.1
2016/1/1,02,165
2016/2/1,02,165
2016/3/1,02,165.1
2016/4/1,02,165.1
2016/5/1,02,165.3
2016/6/1,02,165.3
2016/7/1,02,165.4
2016/8/1,02,165.3
2016/9/1,02,165.3
2016/10/1,02,165.4
2016/11/1,02,165.4
2016/12/1,02,165.3
2017/1/1,02,165.3
2017/2/1,02,165.3
2017/3/1,02,165.4
2017/4/1,02,165.4
2017/5/1,02,165.6
2017/6/1,02,165.5
2017/7/1,02,165.5
2017/8/1,02,165.5
2017/9/1,02,165.5
2017/10/1,02,165.6
2017/11/1,02,165.7
2017/12/1,02,165.6
2018/1/1,02,165.6
2018/2/1,02,165.5
2018/3/1,02,165.6
2018/4/1,02,165.7
2018/5/1,02,165.7
2018/6/1,02,164.4
2018/7/1,02,164.1
2018/8/1,02,163.9
2018/9/1,02,164
2018/10/1,02,164.3
2018/11/1,02,167.4
2018/12/1,02,167.5
2019/1/1,02,167.5
2019/2/1,02,167.4
2019/3/1,02,167.5
2019/4/1,02,167.7
2019/5/1,02,167.8
2019/6/1,02,167.9
2019/7/1,02,167.9
2019/8/1,02,168
2019/9/1,02,167.9
2019/10/1,02,167.9
2019/11/1,02,168
2019/12/1,02,167.8
2020/1/1,02,167.7
2020/2/1,02,167.8
2020/3/1,02,168
2020/4/1,02,168
2020/5/1,02,168.1
2020/6/1,02,168.2
2020/7/1,02,168.4
2020/8/1,02,168.5
2020/9/1,02,168.7
2020/10/1,02,168.7
2020/11/1,02,168.8
2020/12/1,02,168.8
2021/1/1,02,168.9
2021/2/1,02,168.9
2021/3/1,02,169
2021/4/1,02,169.1
2021/5/1,02,169.2
2021/6/1,02,169.3
2021/7/1,02,169.2
2021/8/1,02,169.2
2021/9/1,02,169.3
2021/10/1,02,169.2
2021/11/1,02,169.3
2021/12/1,02,169.3
2022/1/1,02,169.5
2022/2/1,02,169.5
2022/3/1,02,169.8
2022/4/1,02,169.9
2022/5/1,02,169.9
2022/6/1,02,170
2022/7/1,02,170.2
2022/8/1,02,170.3
2022/9/1,02,170.5
2022/10/1,02,170.6
2022/11/1,02,170.7
2022/12/1,02,170.5
2023/1/1,02,170.8
2023/2/1,02,170.8
2023/3/1,02,170.9
2023/4/1,02,171
2023/5/1,02,171.1
2023/6/1,02,171.1
2023/7/1,02,171.1
2023/8/1,02,171.1
2023/9/1,02,171.7
2023/10/1,02,171.7
2023/11/1,02,171.8
2023/12/1,02,171.6
2024/1/1,02,171.5
2024/2/1,02,171.5
2024/3/1,02,171.8
2024/4/1,02,171.9
2024/5/1,02,172.2
2024/6/1,02,172.3
2024/7/1,02,172.6
2024/8/1,02,172.9
2024/9/1,02,173
2024/10/1,02,173.1
2024/11/1,02,173.1
2024/12/1,02,172.9
2025/1/1,02,173.1
2025/2/1,02,173.1
2000/1/1,03,118.1
2000/2/1,03,118.5
2000/3/1,03,117.7
2000/4/1,03,118.1
2000/5/1,03,117.7
2000/6/1,03,117.5
2000/7/1,03,117.6
2000/8/1,03,116.1
2000/9/1,03,117.2
2000/10/1,03,116.2
2000/11/1,03,116.1
2000/12/1,03,114.9
2001/1/1,03,115
2001/2/1,03,115.9
2001/3/1,03,114.2
2001/4/1,03,115.4
2001/5/1,03,114.9
2001/6/1,03,114.5
2001/7/1,03,114.8
2001/8/1,03,113.1
2001/9/1,03,113.1
2001/10/1,03,113.4
2001/11/1,03,112.9
2001/12/1,03,111.7
2002/1/1,03,112.7
2002/2/1,03,112.9
2002/3/1,03,111.8
2002/4/1,03,112.4
2002/5/1,03,112.1
2002/6/1,03,111.8
2002/7/1,03,111.6
2002/8/1,03,110.3
2002/9/1,03,111
2002/10/1,03,110.7
2002/11/1,03,110.9
2002/12/1,03,110
2003/1/1,03,110
2003/2/1,03,110.2
2003/3/1,03,109.4
2003/4/1,03,110.3
2003/5/1,03,109.9
2003/6/1,03,109.6
2003/7/1,03,109.9
2003/8/1,03,108.6
2003/9/1,03,109.4
2003/10/1,03,108.8
2003/11/1,03,107.9
2003/12/1,03,107.9
2004/1/1,03,108
2004/2/1,03,108.6
2004/3/1,03,107.3
2004/4/1,03,108.1
2004/5/1,03,107.3
2004/6/1,03,107.3
2004/7/1,03,107.4
2004/8/1,03,106.5
2004/9/1,03,107.4
2004/10/1,03,107
2004/11/1,03,106
2004/12/1,03,106.2
2005/1/1,03,106.9
2005/2/1,03,106.8
2005/3/1,03,106.2
2005/4/1,03,106.7
2005/5/1,03,106.5
2005/6/1,03,106
2005/7/1,03,106.5
2005/8/1,03,104.7
2005/9/1,03,106.3
2005/10/1,03,105.2
2005/11/1,03,106
2005/12/1,03,105
2006/1/1,03,104.8
2006/2/1,03,105.9
2006/3/1,03,104.6
2006/4/1,03,105.7
2006/5/1,03,105.4
2006/6/1,03,104.8
2006/7/1,03,105.3
2006/8/1,03,103.9
2006/9/1,03,104.9
2006/10/1,03,103.3
2006/11/1,03,104.5
2006/12/1,03,103.1
2007/1/1,03,104.3
2007/2/1,03,103.1
2007/3/1,03,103.4
2007/4/1,03,103.5
2007/5/1,03,103.6
2007/6/1,03,103.6
2007/7/1,03,103.1
2007/8/1,03,102.7
2007/9/1,03,103.5
2007/10/1,03,102.6
2007/11/1,03,103.2
2007/12/1,03,102.4
2008/1/1,03,102.8
2008/2/1,03,103.2
2008/3/1,03,102.5
2008/4/1,03,103.1
2008/5/1,03,103
2008/6/1,03,103.1
2008/7/1,03,102.7
2008/8/1,03,102.3
2008/9/1,03,102
2008/10/1,03,102.7
2008/11/1,03,102.7
2008/12/1,03,101.8
2009/1/1,03,101.9
2009/2/1,03,102.6
2009/3/1,03,101.8
2009/4/1,03,102.5
2009/5/1,03,102.3
2009/6/1,03,101.9
2009/7/1,03,101.7
2009/8/1,03,101.4
2009/9/1,03,101.1
2009/10/1,03,101.1
2009/11/1,03,101.5
2009/12/1,03,100.6
2010/1/1,03,101.2
2010/2/1,03,100.1
2010/3/1,03,100
2010/4/1,03,100.5
2010/5/1,03,100.3
2010/6/1,03,99.5
2010/7/1,03,100.1
2010/8/1,03,99.2
2010/9/1,03,100.4
2010/10/1,03,100.2
2010/11/1,03,99.8
2010/12/1,03,98.8
2011/1/1,03,99.9
2011/2/1,03,100.1
2011/3/1,03,99.8
2011/4/1,03,99.8
2011/5/1,03,99.8
2011/6/1,03,99.8
2011/7/1,03,99.6
2011/8/1,03,99.3
2011/9/1,03,99.8
2011/10/1,03,99.7
2011/11/1,03,99.9
2011/12/1,03,99.6
2012/1/1,03,99.4
2012/2/1,03,99.8
2012/3/1,03,99.4
2012/4/1,03,99.5
2012/5/1,03,99.5
2012/6/1,03,99.2
2012/7/1,03,99.1
2012/8/1,03,98.7
2012/9/1,03,99.1
2012/10/1,03,99
2012/11/1,03,99
2012/12/1,03,98.6
2013/1/1,03,98.9
2013/2/1,03,98.6
2013/3/1,03,98.9
2013/4/1,03,98.8
2013/5/1,03,98.8
2013/6/1,03,98.6
2013/7/1,03,98.3
2013/8/1,03,98.3
2013/9/1,03,98.6
2013/10/1,03,98.6
2013/11/1,03,98.7
2013/12/1,03,98.3
2014/1/1,03,98.7
2014/2/1,03,98.8
2014/3/1,03,98.8
2014/4/1,03,98.7
2014/5/1,03,98.6
2014/6/1,03,98.5
2014/7/1,03,98.1
2014/8/1,03,98.1
2014/9/1,03,98.3
2014/10/1,03,98.2
2014/11/1,03,98.3
2014/12/1,03,98
2015/1/1,03,98.6
2015/2/1,03,98.2
2015/3/1,03,98.6
2015/4/1,03,99.4
2015/5/1,03,99.5
2015/6/1,03,99.2
2015/7/1,03,99
2015/8/1,03,98.8
2015/9/1,03,99
2015/10/1,03,98.9
2015/11/1,03,98.9
2015/12/1,03,98.8
2016/1/1,03,99
2016/2/1,03,98.7
2016/3/1,03,98.6
2016/4/1,03,98.7
2016/5/1,03,98.6
2016/6/1,03,98.6
2016/7/1,03,98.4
2016/8/1,03,98.2
2016/9/1,03,98.4
2016/10/1,03,98.4
2016/11/1,03,98.4
2016/12/1,03,98.3
2017/1/1,03,98.3
2017/2/1,03,98.5
2017/3/1,03,98.4
2017/4/1,03,98.6
2017/5/1,03,98.4
2017/6/1,03,98.2
2017/7/1,03,98
2017/8/1,03,97.9
2017/9/1,03,98.1
2017/10/1,03,98
2017/11/1,03,97.9
2017/12/1,03,97.8
2018/1/1,03,98
2018/2/1,03,97.8
2018/3/1,03,97.7
2018/4/1,03,97.8
2018/5/1,03,97.7
2018/6/1,03,95.2
2018/7/1,03,95.1
2018/8/1,03,95.1
2018/9/1,03,95
2018/10/1,03,95
2018/11/1,03,94.9
2018/12/1,03,94.7
2019/1/1,03,94.8
2019/2/1,03,94.7
2019/3/1,03,94.8
2019/4/1,03,94.7
2019/5/1,03,94.6
2019/6/1,03,94.5
2019/7/1,03,94.1
2019/8/1,03,94.1
2019/9/1,03,94.1
2019/10/1,03,93.8
2019/11/1,03,93.9
2019/12/1,03,93.8
2020/1/1,03,93.7
2020/2/1,03,93.7
2020/3/1,03,93.6
2020/4/1,03,93.6
2020/5/1,03,93.6
2020/6/1,03,93.5
2020/7/1,03,93.5
2020/8/1,03,93.5
2020/9/1,03,93.5
2020/10/1,03,93.4
2020/11/1,03,93.4
2020/12/1,03,93.4
2021/1/1,03,93.3
2021/2/1,03,93.3
2021/3/1,03,93.3
2021/4/1,03,93.2
2021/5/1,03,93.1
2021/6/1,03,93.1
2021/7/1,03,93.1
2021/8/1,03,93.1
2021/9/1,03,93
2021/10/1,03,93
2021/11/1,03,93
2021/12/1,03,93
2022/1/1,03,93
2022/2/1,03,93.1
2022/3/1,03,93
2022/4/1,03,93
2022/5/1,03,93.1
2022/6/1,03,93.3
2022/7/1,03,93.4
2022/8/1,03,93.4
2022/9/1,03,93.4
2022/10/1,03,93.4
2022/11/1,03,93.4
2022/12/1,03,93.4
2023/1/1,03,93.5
2023/2/1,03,93.5
2023/3/1,03,93.5
2023/4/1,03,93.5
2023/5/1,03,93.5
2023/6/1,03,93.4
2023/7/1,03,93.5
2023/8/1,03,93.4
2023/9/1,03,93.5
2023/10/1,03,93.4
2023/11/1,03,93.4
2023/12/1,03,93.4
2024/1/1,03,93.3
2024/2/1,03,93.3
2024/3/1,03,93.3
2024/4/1,03,93.2
2024/5/1,03,93.3
2024/6/1,03,93.3
2024/7/1,03,93.3
2024/8/1,03,93.2
2024/9/1,03,93.2
2024/10/1,03,93.2
2024/11/1,03,93.1
2024/12/1,03,92.9
2025/1/1,03,93
2025/2/1,03,93.1
2000/1/1,04,88
2000/2/1,04,88.5
2000/3/1,04,88.5
2000/4/1,04,88.5
2000/5/1,04,88.8
2000/6/1,04,88.8
2000/7/1,04,88.9
2000/8/1,04,89.1
2000/9/1,04,89.1
2000/10/1,04,89.3
2000/11/1,04,89.5
2000/12/1,04,89.5
2001/1/1,04,89.5
2001/2/1,04,89.8
2001/3/1,04,89.8
2001/4/1,04,89.9
2001/5/1,04,90.2
2001/6/1,04,90.2
2001/7/1,04,90.2
2001/8/1,04,90.3
2001/9/1,04,90.3
2001/10/1,04,90.3
2001/11/1,04,90.4
2001/12/1,04,90.4
2002/1/1,04,90.4
2002/2/1,04,90.6
2002/3/1,04,90.6
2002/4/1,04,90.6
2002/5/1,04,90.7
2002/6/1,04,90.7
2002/7/1,04,90.7
2002/8/1,04,90.8
2002/9/1,04,90.8
2002/10/1,04,90.8
2002/11/1,04,91
2002/12/1,04,91
2003/1/1,04,91
2003/2/1,04,91.2
2003/3/1,04,91.3
2003/4/1,04,91.3
2003/5/1,04,91.5
2003/6/1,04,91.5
2003/7/1,04,91.6
2003/8/1,04,91.9
2003/9/1,04,91.9
2003/10/1,04,91.9
2003/11/1,04,92
2003/12/1,04,92
2004/1/1,04,92
2004/2/1,04,92.1
2004/3/1,04,92.1
2004/4/1,04,92.1
2004/5/1,04,92.4
2004/6/1,04,92.4
2004/7/1,04,92.4
2004/8/1,04,92.6
2004/9/1,04,92.6
2004/10/1,04,92.7
2004/11/1,04,92.9
2004/12/1,04,92.9
2005/1/1,04,92.9
2005/2/1,04,93
2005/3/1,04,93.1
2005/4/1,04,93.1
2005/5/1,04,93.3
2005/6/1,04,93.3
2005/7/1,04,93.3
2005/8/1,04,93.6
2005/9/1,04,93.7
2005/10/1,04,93.7
2005/11/1,04,93.9
2005/12/1,04,93.9
2006/1/1,04,93.9
2006/2/1,04,94.1
2006/3/1,04,94.5
2006/4/1,04,94.5
2006/5/1,04,94.7
2006/6/1,04,95
2006/7/1,04,95
2006/8/1,04,95.2
2006/9/1,04,95.2
2006/10/1,04,95.2
2006/11/1,04,95.4
2006/12/1,04,95.5
2007/1/1,04,95.5
2007/2/1,04,95.8
2007/3/1,04,95.8
2007/4/1,04,95.8
2007/5/1,04,96
2007/6/1,04,96
2007/7/1,04,96
2007/8/1,04,96.3
2007/9/1,04,96.3
2007/10/1,04,96.3
2007/11/1,04,96.5
2007/12/1,04,96.5
2008/1/1,04,96.6
2008/2/1,04,97.1
2008/3/1,04,97.1
2008/4/1,04,97.1
2008/5/1,04,97.4
2008/6/1,04,97.1
2008/7/1,04,97.7
2008/8/1,04,98
2008/9/1,04,98.1
2008/10/1,04,98.1
2008/11/1,04,98.3
2008/12/1,04,98.3
2009/1/1,04,98.3
2009/2/1,04,98.6
2009/3/1,04,98.5
2009/4/1,04,98.5
2009/5/1,04,99
2009/6/1,04,99
2009/7/1,04,99
2009/8/1,04,99.1
2009/9/1,04,99.1
2009/10/1,04,99.1
2009/11/1,04,99.4
2009/12/1,04,99.4
2010/1/1,04,99.4
2010/2/1,04,99.6
2010/3/1,04,99.6
2010/4/1,04,99.6
2010/5/1,04,99.8
2010/6/1,04,99.8
2010/7/1,04,99.9
2010/8/1,04,100.3
2010/9/1,04,100.3
2010/10/1,04,100.3
2010/11/1,04,100.7
2010/12/1,04,100.8
2011/1/1,04,100.8
2011/2/1,04,101.1
2011/3/1,04,101.2
2011/4/1,04,101.2
2011/5/1,04,101.6
2011/6/1,04,101.7
2011/7/1,04,101.8
2011/8/1,04,102.3
2011/9/1,04,102.3
2011/10/1,04,102.3
2011/11/1,04,102.5
2011/12/1,04,102.5
2012/1/1,04,102.6
2012/2/1,04,103
2012/3/1,04,103
2012/4/1,04,103
2012/5/1,04,103.2
2012/6/1,04,103.2
2012/7/1,04,103.3
2012/8/1,04,103.8
2012/9/1,04,103.8
2012/10/1,04,103.8
2012/11/1,04,104
2012/12/1,04,104
2013/1/1,04,104
2013/2/1,04,104.3
2013/3/1,04,104.3
2013/4/1,04,104.3
2013/5/1,04,105.3
2013/6/1,04,105.3
2013/7/1,04,105.3
2013/8/1,04,105.7
2013/9/1,04,105.7
2013/10/1,04,105.7
2013/11/1,04,106.4
2013/12/1,04,106.5
2014/1/1,04,107.3
2014/2/1,04,108
2014/3/1,04,108.1
2014/4/1,04,108.1
2014/5/1,04,108.6
2014/6/1,04,108.7
2014/7/1,04,108.7
2014/8/1,04,109.3
2014/9/1,04,109.3
2014/10/1,04,109.3
2014/11/1,04,110.1
2014/12/1,04,110.1
2015/1/1,04,109.6
2015/2/1,04,110.6
2015/3/1,04,110.2
2015/4/1,04,110.6
2015/5/1,04,111.4
2015/6/1,04,111.4
2015/7/1,04,111.4
2015/8/1,04,112.2
2015/9/1,04,112.2
2015/10/1,04,112.2
2015/11/1,04,112.8
2015/12/1,04,112.8
2016/1/1,04,113
2016/2/1,04,113.5
2016/3/1,04,113.6
2016/4/1,04,113.5
2016/5/1,04,114.1
2016/6/1,04,114.1
2016/7/1,04,114.1
2016/8/1,04,114.6
2016/9/1,04,114.6
2016/10/1,04,114.6
2016/11/1,04,115.2
2016/12/1,04,115.2
2017/1/1,04,115.2
2017/2/1,04,116
2017/3/1,04,116.1
2017/4/1,04,116.1
2017/5/1,04,116.6
2017/6/1,04,116.6
2017/7/1,04,116.6
2017/8/1,04,117.3
2017/9/1,04,117.3
2017/10/1,04,117.3
2017/11/1,04,117.7
2017/12/1,04,117.7
2018/1/1,04,117.7
2018/2/1,04,118.3
2018/3/1,04,118.3
2018/4/1,04,118.3
2018/5/1,04,119
2018/6/1,04,118.4
2018/7/1,04,118.9
2018/8/1,04,119.6
2018/9/1,04,119.8
2018/10/1,04,119.8
2018/11/1,04,120.1
2018/12/1,04,120.1
2019/1/1,04,120.1
2019/2/1,04,120.7
2019/3/1,04,120.7
2019/4/1,04,120.7
2019/5/1,04,121.1
2019/6/1,04,121.1
2019/7/1,04,121.1
2019/8/1,04,121.7
2019/9/1,04,121.7
2019/10/1,04,121.7
2019/11/1,04,122.2
2019/12/1,04,122.2
2020/1/1,04,122.2
2020/2/1,04,122.6
2020/3/1,04,122.6
2020/4/1,04,118
2020/5/1,04,117.9
2020/6/1,04,117.9
2020/7/1,04,117.9
2020/8/1,04,118.1
2020/9/1,04,118.1
2020/10/1,04,118.1
2020/11/1,04,118.2
2020/12/1,04,118.2
2021/1/1,04,121.3
2021/2/1,04,121.6
2021/3/1,04,121.6
2021/4/1,04,121.7
2021/5/1,04,121.7
2021/6/1,04,121.7
2021/7/1,04,118.7
2021/8/1,04,118.8
2021/9/1,04,118.9
2021/10/1,04,121.9
2021/11/1,04,122.2
2021/12/1,04,122.2
2022/1/1,04,122.2
2022/2/1,04,122.6
2022/3/1,04,122.7
2022/4/1,04,122.7
2022/5/1,04,123.1
2022/6/1,04,123.1
2022/7/1,04,123.2
2022/8/1,04,123.7
2022/9/1,04,123.7
2022/10/1,04,123.7
2022/11/1,04,123.9
2022/12/1,04,124
2023/1/1,04,124
2023/2/1,04,124.7
2023/3/1,04,124.7
2023/4/1,04,124.7
2023/5/1,04,125.3
2023/6/1,04,125.3
2023/7/1,04,125.3
2023/8/1,04,125.7
2023/9/1,04,125.7
2023/10/1,04,125.7
2023/11/1,04,126
2023/12/1,04,126
2024/1/1,04,126.5
2024/2/1,04,128.1
2024/3/1,04,128.5
2024/4/1,04,128.5
2024/5/1,04,129.3
2024/6/1,04,129.3
2024/7/1,04,129.3
2024/8/1,04,129.6
2024/9/1,04,129.6
2024/10/1,04,129.6
2024/11/1,04,130
2024/12/1,04,130
2025/1/1,04,130.1
2025/2/1,04,131
2000/1/1,05,91.2
2000/2/1,05,91.2
2000/3/1,05,91.2
2000/4/1,05,91.2
2000/5/1,05,91.2
2000/6/1,05,91.2
2000/7/1,05,91.2
2000/8/1,05,91
2000/9/1,05,91
2000/10/1,05,91
2000/11/1,05,90.9
2000/12/1,05,90.9
2001/1/1,05,91
2001/2/1,05,91.3
2001/3/1,05,91.2
2001/4/1,05,91.3
2001/5/1,05,91.3
2001/6/1,05,91.3
2001/7/1,05,91.4
2001/8/1,05,91.2
2001/9/1,05,91.3
2001/10/1,05,91.3
2001/11/1,05,91.2
2001/12/1,05,91
2002/1/1,05,91
2002/2/1,05,91
2002/3/1,05,90.9
2002/4/1,05,90.9
2002/5/1,05,90.9
2002/6/1,05,90.8
2002/7/1,05,90.8
2002/8/1,05,90.6
2002/9/1,05,90.7
2002/10/1,05,90.6
2002/11/1,05,90.6
2002/12/1,05,90.5
2003/1/1,05,90.5
2003/2/1,05,90.5
2003/3/1,05,90.5
2003/4/1,05,90.5
2003/5/1,05,90.4
2003/6/1,05,90.4
2003/7/1,05,90.4
2003/8/1,05,90.2
2003/9/1,05,90.3
2003/10/1,05,90.2
2003/11/1,05,90.1
2003/12/1,05,90.1
2004/1/1,05,90.1
2004/2/1,05,90.2
2004/3/1,05,90.4
2004/4/1,05,90.7
2004/5/1,05,90.7
2004/6/1,05,90.8
2004/7/1,05,90.8
2004/8/1,05,90.7
2004/9/1,05,90.8
2004/10/1,05,90.9
2004/11/1,05,90.8
2004/12/1,05,90.9
2005/1/1,05,91.1
2005/2/1,05,91.3
2005/3/1,05,91.3
2005/4/1,05,91.6
2005/5/1,05,91.7
2005/6/1,05,91.8
2005/7/1,05,91.9
2005/8/1,05,91.9
2005/9/1,05,92.1
2005/10/1,05,92.2
2005/11/1,05,92.5
2005/12/1,05,92.5
2006/1/1,05,92.5
2006/2/1,05,92.6
2006/3/1,05,92.6
2006/4/1,05,92.7
2006/5/1,05,92.7
2006/6/1,05,92.8
2006/7/1,05,92.9
2006/8/1,05,92.8
2006/9/1,05,93
2006/10/1,05,93.1
2006/11/1,05,93.2
2006/12/1,05,93.2
2007/1/1,05,93.5
2007/2/1,05,93.4
2007/3/1,05,93.7
2007/4/1,05,93.7
2007/5/1,05,93.7
2007/6/1,05,93.8
2007/7/1,05,93.9
2007/8/1,05,93.9
2007/9/1,05,94
2007/10/1,05,94
2007/11/1,05,94.3
2007/12/1,05,94.3
2008/1/1,05,94.6
2008/2/1,05,94.9
2008/3/1,05,95
2008/4/1,05,95.3
2008/5/1,05,95.5
2008/6/1,05,96.2
2008/7/1,05,97.2
2008/8/1,05,97.7
2008/9/1,05,97.9
2008/10/1,05,98.3
2008/11/1,05,98.5
2008/12/1,05,98.6
2009/1/1,05,99.2
2009/2/1,05,99.4
2009/3/1,05,99.4
2009/4/1,05,99.5
2009/5/1,05,99.5
2009/6/1,05,99.6
2009/7/1,05,99.5
2009/8/1,05,99.6
2009/9/1,05,99.6
2009/10/1,05,99.8
2009/11/1,05,99.9
2009/12/1,05,99.8
2010/1/1,05,100
2010/2/1,05,99.9
2010/3/1,05,100
2010/4/1,05,100
2010/5/1,05,99.1
2010/6/1,05,99.9
2010/7/1,05,100.1
2010/8/1,05,100
2010/9/1,05,100.1
2010/10/1,05,100.1
2010/11/1,05,100.1
2010/12/1,05,100
2011/1/1,05,101
2011/2/1,05,101.1
2011/3/1,05,101.1
2011/4/1,05,101.2
2011/5/1,05,101.4
2011/6/1,05,101.6
2011/7/1,05,102.1
2011/8/1,05,102.1
2011/9/1,05,102.3
2011/10/1,05,102.3
2011/11/1,05,102.4
2011/12/1,05,102.5
2012/1/1,05,102.9
2012/2/1,05,103.3
2012/3/1,05,103.5
2012/4/1,05,103.6
2012/5/1,05,103.7
2012/6/1,05,103.8
2012/7/1,05,103.8
2012/8/1,05,104
2012/9/1,05,104.3
2012/10/1,05,104.2
2012/11/1,05,104.2
2012/12/1,05,104.1
2013/1/1,05,104.6
2013/2/1,05,104.9
2013/3/1,05,105.3
2013/4/1,05,105.4
2013/5/1,05,105.3
2013/6/1,05,105.5
2013/7/1,05,105.5
2013/8/1,05,105.5
2013/9/1,05,105.7
2013/10/1,05,105.7
2013/11/1,05,105.9
2013/12/1,05,105.8
2014/1/1,05,106.3
2014/2/1,05,106.5
2014/3/1,05,106.5
2014/4/1,05,106.5
2014/5/1,05,106.6
2014/6/1,05,106.6
2014/7/1,05,106.3
2014/8/1,05,106.7
2014/9/1,05,106.7
2014/10/1,05,106.6
2014/11/1,05,106.7
2014/12/1,05,106.4
2015/1/1,05,106.8
2015/2/1,05,106.6
2015/3/1,05,106.7
2015/4/1,05,109
2015/5/1,05,109.4
2015/6/1,05,110
2015/7/1,05,110.4
2015/8/1,05,110.7
2015/9/1,05,110.7
2015/10/1,05,110.6
2015/11/1,05,110.8
2015/12/1,05,110.9
2016/1/1,05,111.2
2016/2/1,05,111.6
2016/3/1,05,111.7
2016/4/1,05,111.8
2016/5/1,05,111.8
2016/6/1,05,111.9
2016/7/1,05,112.1
2016/8/1,05,112.1
2016/9/1,05,112.1
2016/10/1,05,112.3
2016/11/1,05,112.4
2016/12/1,05,112.5
2017/1/1,05,112.9
2017/2/1,05,113.3
2017/3/1,05,113.4
2017/4/1,05,113.9
2017/5/1,05,114.2
2017/6/1,05,114.2
2017/7/1,05,115
2017/8/1,05,115.1
2017/9/1,05,115.2
2017/10/1,05,115.2
2017/11/1,05,115.2
2017/12/1,05,115.2
2018/1/1,05,115.8
2018/2/1,05,115.7
2018/3/1,05,115.8
2018/4/1,05,115.9
2018/5/1,05,115.9
2018/6/1,05,113.1
2018/7/1,05,113.1
2018/8/1,05,113.2
2018/9/1,05,114.3
2018/10/1,05,114.8
2018/11/1,05,115.1
2018/12/1,05,115.3
2019/1/1,05,115.5
2019/2/1,05,115.8
2019/3/1,05,116.1
2019/4/1,05,116.1
2019/5/1,05,116.5
2019/6/1,05,116.6
2019/7/1,05,116.8
2019/8/1,05,116.8
2019/9/1,05,116.7
2019/10/1,05,116.7
2019/11/1,05,116.8
2019/12/1,05,116.9
2020/1/1,05,116.9
2020/2/1,05,117
2020/3/1,05,117
2020/4/1,05,116.5
2020/5/1,05,116.3
2020/6/1,05,116.4
2020/7/1,05,116.7
2020/8/1,05,116.7
2020/9/1,05,116.8
2020/10/1,05,116.8
2020/11/1,05,116.7
2020/12/1,05,116.8
2021/1/1,05,117.1
2021/2/1,05,117.3
2021/3/1,05,118
2021/4/1,05,118.4
2021/5/1,05,118.7
2021/6/1,05,118.7
2021/7/1,05,118.7
2021/8/1,05,118.7
2021/9/1,05,118.8
2021/10/1,05,119.3
2021/11/1,05,119.7
2021/12/1,05,120
2022/1/1,05,120.7
2022/2/1,05,121
2022/3/1,05,121.5
2022/4/1,05,121.6
2022/5/1,05,122.2
2022/6/1,05,122.7
2022/7/1,05,123.4
2022/8/1,05,123.8
2022/9/1,05,124
2022/10/1,05,124.2
2022/11/1,05,124.3
2022/12/1,05,124.4
2023/1/1,05,124.9
2023/2/1,05,125.1
2023/3/1,05,125.3
2023/4/1,05,125.3
2023/5/1,05,125.5
2023/6/1,05,125.5
2023/7/1,05,125.7
2023/8/1,05,125.9
2023/9/1,05,125.9
2023/10/1,05,126
2023/11/1,05,126.1
2023/12/1,05,126.1
2024/1/1,05,126.1
2024/2/1,05,126.2
2024/3/1,05,126.4
2024/4/1,05,126.5
2024/5/1,05,126.5
2024/6/1,05,126.6
2024/7/1,05,126.8
2024/8/1,05,126.8
2024/9/1,05,126.7
2024/10/1,05,126.6
2024/11/1,05,126.7
2024/12/1,05,126.6
2025/1/1,05,126.7
2025/2/1,05,126.6
2000/1/1,06,81.6
2000/2/1,06,81.7
2000/3/1,06,81.7
2000/4/1,06,81.9
2000/5/1,06,82
2000/6/1,06,82.1
2000/7/1,06,82.3
2000/8/1,06,82.5
2000/9/1,06,82.5
2000/10/1,06,82.6
2000/11/1,06,82.8
2000/12/1,06,82.9
2001/1/1,06,83.5
2001/2/1,06,83.7
2001/3/1,06,83.9
2001/4/1,06,84.3
2001/5/1,06,84.4
2001/6/1,06,84.5
2001/7/1,06,84.8
2001/8/1,06,85
2001/9/1,06,85.2
2001/10/1,06,85.3
2001/11/1,06,85.3
2001/12/1,06,85.4
2002/1/1,06,85.6
2002/2/1,06,85.8
2002/3/1,06,86.1
2002/4/1,06,86.2
2002/5/1,06,86.5
2002/6/1,06,86.7
2002/7/1,06,86.8
2002/8/1,06,87
2002/9/1,06,87.1
2002/10/1,06,87.1
2002/11/1,06,87.2
2002/12/1,06,87.3
2003/1/1,06,87.6
2003/2/1,06,87.6
2003/3/1,06,87.8
2003/4/1,06,88
2003/5/1,06,88.1
2003/6/1,06,88.1
2003/7/1,06,88.2
2003/8/1,06,88.3
2003/9/1,06,88.3
2003/10/1,06,88.5
2003/11/1,06,88.5
2003/12/1,06,88.6
2004/1/1,06,88.8
2004/2/1,06,88.9
2004/3/1,06,88.9
2004/4/1,06,89
2004/5/1,06,89.2
2004/6/1,06,89.3
2004/7/1,06,89.4
2004/8/1,06,89.4
2004/9/1,06,89.6
2004/10/1,06,89.8
2004/11/1,06,89.8
2004/12/1,06,89.8
2005/1/1,06,90
2005/2/1,06,90
2005/3/1,06,90.1
2005/4/1,06,90.2
2005/5/1,06,90.3
2005/6/1,06,90.4
2005/7/1,06,91.1
2005/8/1,06,91.8
2005/9/1,06,91.9
2005/10/1,06,91.9
2005/11/1,06,92.2
2005/12/1,06,92.1
2006/1/1,06,92.3
2006/2/1,06,92.5
2006/3/1,06,92.5
2006/4/1,06,92.6
2006/5/1,06,92.8
2006/6/1,06,92.8
2006/7/1,06,93.1
2006/8/1,06,93.2
2006/9/1,06,93.4
2006/10/1,06,93.4
2006/11/1,06,93.6
2006/12/1,06,93.7
2007/1/1,06,93.8
2007/2/1,06,93.9
2007/3/1,06,93.9
2007/4/1,06,94.1
2007/5/1,06,94.2
2007/6/1,06,94.3
2007/7/1,06,94.4
2007/8/1,06,94.4
2007/9/1,06,94.7
2007/10/1,06,94.8
2007/11/1,06,94.9
2007/12/1,06,95.1
2008/1/1,06,95.5
2008/2/1,06,95.6
2008/3/1,06,95.7
2008/4/1,06,95.9
2008/5/1,06,96.1
2008/6/1,06,96.3
2008/7/1,06,96.6
2008/8/1,06,96.8
2008/9/1,06,96.9
2008/10/1,06,97.2
2008/11/1,06,97.6
2008/12/1,06,97.6
2009/1/1,06,97.9
2009/2/1,06,98.1
2009/3/1,06,98.1
2009/4/1,06,98.2
2009/5/1,06,98.5
2009/6/1,06,98.7
2009/7/1,06,98.8
2009/8/1,06,98.9
2009/9/1,06,99
2009/10/1,06,99
2009/11/1,06,99.2
2009/12/1,06,99.1
2010/1/1,06,99.4
2010/2/1,06,99.4
2010/3/1,06,99.3
2010/4/1,06,99.7
2010/5/1,06,99.8
2010/6/1,06,100
2010/7/1,06,100.1
2010/8/1,06,100.2
2010/9/1,06,100.4
2010/10/1,06,100.5
2010/11/1,06,100.6
2010/12/1,06,100.8
2011/1/1,06,101.5
2011/2/1,06,102.1
2011/3/1,06,102
2011/4/1,06,102.2
2011/5/1,06,102.4
2011/6/1,06,102.5
2011/7/1,06,102.8
2011/8/1,06,103.1
2011/9/1,06,103.4
2011/10/1,06,103.6
2011/11/1,06,103.6
2011/12/1,06,103.6
2012/1/1,06,103.9
2012/2/1,06,104.1
2012/3/1,06,104.2
2012/4/1,06,104.4
2012/5/1,06,104.5
2012/6/1,06,104.6
2012/7/1,06,104.8
2012/8/1,06,104.9
2012/9/1,06,105.4
2012/10/1,06,105.5
2012/11/1,06,105.7
2012/12/1,06,105.8
2013/1/1,06,106
2013/2/1,06,106.1
2013/3/1,06,106.2
2013/4/1,06,106.6
2013/5/1,06,106.8
2013/6/1,06,106.6
2013/7/1,06,106.7
2013/8/1,06,106.9
2013/9/1,06,107.2
2013/10/1,06,107.3
2013/11/1,06,107.6
2013/12/1,06,107.8
2014/1/1,06,108.2
2014/2/1,06,108.4
2014/3/1,06,108.6
2014/4/1,06,109.1
2014/5/1,06,109.4
2014/6/1,06,109.9
2014/7/1,06,110.2
2014/8/1,06,110.4
2014/9/1,06,110.8
2014/10/1,06,110.9
2014/11/1,06,111.3
2014/12/1,06,111.4
2015/1/1,06,111.7
2015/2/1,06,112.1
2015/3/1,06,112.5
2015/4/1,06,114.6
2015/5/1,06,114.9
2015/6/1,06,115.4
2015/7/1,06,115.5
2015/8/1,06,115.6
2015/9/1,06,115.9
2015/10/1,06,116.1
2015/11/1,06,116.2
2015/12/1,06,116.5
2016/1/1,06,116.8
2016/2/1,06,117.2
2016/3/1,06,117.2
2016/4/1,06,117.1
2016/5/1,06,117.2
2016/6/1,06,117.7
2016/7/1,06,117.8
2016/8/1,06,118.1
2016/9/1,06,118.5
2016/10/1,06,118.8
2016/11/1,06,119.1
2016/12/1,06,119.3
2017/1/1,06,119.7
2017/2/1,06,120
2017/3/1,06,120.2
2017/4/1,06,120.4
2017/5/1,06,120.6
2017/6/1,06,120.8
2017/7/1,06,121.2
2017/8/1,06,121.3
2017/9/1,06,121.5
2017/10/1,06,121.6
2017/11/1,06,121.7
2017/12/1,06,122
2018/1/1,06,122.4
2018/2/1,06,122.5
2018/3/1,06,122.6
2018/4/1,06,122.9
2018/5/1,06,122.9
2018/6/1,06,121.2
2018/7/1,06,121.2
2018/8/1,06,121.3
2018/9/1,06,121.3
2018/10/1,06,121.3
2018/11/1,06,121.5
2018/12/1,06,121.5
2019/1/1,06,121.8
2019/2/1,06,122
2019/3/1,06,122.3
2019/4/1,06,122.5
2019/5/1,06,122.5
2019/6/1,06,122.7
2019/7/1,06,122.8
2019/8/1,06,123
2019/9/1,06,122.9
2019/10/1,06,123
2019/11/1,06,123.2
2019/12/1,06,123.2
2020/1/1,06,123.5
2020/2/1,06,123.6
2020/3/1,06,124
2020/4/1,06,124
2020/5/1,06,124
2020/6/1,06,124.1
2020/7/1,06,124.2
2020/8/1,06,124.3
2020/9/1,06,124.3
2020/10/1,06,124.4
2020/11/1,06,124.4
2020/12/1,06,124.4
2021/1/1,06,124.4
2021/2/1,06,124.5
2021/3/1,06,124.6
2021/4/1,06,124.6
2021/5/1,06,124.7
2021/6/1,06,124.7
2021/7/1,06,124.7
2021/8/1,06,124.7
2021/9/1,06,124.7
2021/10/1,06,124.7
2021/11/1,06,124.7
2021/12/1,06,124.7
2022/1/1,06,124.8
2022/2/1,06,125.1
2022/3/1,06,124.8
2022/4/1,06,124.9
2022/5/1,06,125.2
2022/6/1,06,125.4
2022/7/1,06,125.7
2022/8/1,06,125.8
2022/9/1,06,125.9
2022/10/1,06,126
2022/11/1,06,126.4
2022/12/1,06,126.3
2023/1/1,06,126.8
2023/2/1,06,127.4
2023/3/1,06,127.5
2023/4/1,06,127.5
2023/5/1,06,127.6
2023/6/1,06,127.9
2023/7/1,06,128.2
2023/8/1,06,128.8
2023/9/1,06,128.7
2023/10/1,06,129
2023/11/1,06,129.3
2023/12/1,06,129.5
2024/1/1,06,129.8
2024/2/1,06,130.2
2024/3/1,06,130.2
2024/4/1,06,130.4
2024/5/1,06,130.4
2024/6/1,06,130.2
2024/7/1,06,130.6
2024/8/1,06,130.8
2024/9/1,06,130.7
2024/10/1,06,130.8
2024/11/1,06,130.8
2024/12/1,06,130.9
2025/1/1,06,131.3
2025/2/1,06,131.5
2000/1/1,07,72.5
2000/2/1,07,72.6
2000/3/1,07,72.7
2000/4/1,07,72.7
2000/5/1,07,72.8
2000/6/1,07,72.8
2000/7/1,07,73
2000/8/1,07,73.3
2000/9/1,07,73.3
2000/10/1,07,75
2000/11/1,07,75
2000/12/1,07,75
2001/1/1,07,75.3
2001/2/1,07,75.6
2001/3/1,07,75.7
2001/4/1,07,75.8
2001/5/1,07,75.8
2001/6/1,07,75.8
2001/7/1,07,75.8
2001/8/1,07,76
2001/9/1,07,76
2001/10/1,07,76
2001/11/1,07,77.7
2001/12/1,07,77.6
2002/1/1,07,77.7
2002/2/1,07,77.7
2002/3/1,07,81.5
2002/4/1,07,81.5
2002/5/1,07,81.8
2002/6/1,07,81.8
2002/7/1,07,81.8
2002/8/1,07,81.8
2002/9/1,07,81.7
2002/10/1,07,81.7
2002/11/1,07,81.9
2002/12/1,07,81.8
2003/1/1,07,81.9
2003/2/1,07,81.9
2003/3/1,07,82.1
2003/4/1,07,82.7
2003/5/1,07,82.7
2003/6/1,07,82.7
2003/7/1,07,82.6
2003/8/1,07,82.6
2003/9/1,07,82.5
2003/10/1,07,82.4
2003/11/1,07,82.4
2003/12/1,07,82.4
2004/1/1,07,82.4
2004/2/1,07,82.5
2004/3/1,07,82.5
2004/4/1,07,82.5
2004/5/1,07,82.9
2004/6/1,07,82.9
2004/7/1,07,82.9
2004/8/1,07,83
2004/9/1,07,83
2004/10/1,07,83.8
2004/11/1,07,83.8
2004/12/1,07,83.8
2005/1/1,07,84
2005/2/1,07,84.1
2005/3/1,07,84.2
2005/4/1,07,84.2
2005/5/1,07,87.6
2005/6/1,07,87.6
2005/7/1,07,87.8
2005/8/1,07,90.7
2005/9/1,07,90.7
2005/10/1,07,90.7
2005/11/1,07,90.8
2005/12/1,07,90.8
2006/1/1,07,90.9
2006/2/1,07,90.9
2006/3/1,07,99.3
2006/4/1,07,98.5
2006/5/1,07,98.5
2006/6/1,07,98.5
2006/7/1,07,98.5
2006/8/1,07,98.6
2006/9/1,07,98.7
2006/10/1,07,98.7
2006/11/1,07,98.7
2006/12/1,07,98.7
2007/1/1,07,99.3
2007/2/1,07,99.3
2007/3/1,07,99.5
2007/4/1,07,99.5
2007/5/1,07,99.5
2007/6/1,07,99.7
2007/7/1,07,99.7
2007/8/1,07,99.7
2007/9/1,07,99.8
2007/10/1,07,99.8
2007/11/1,07,99.9
2007/12/1,07,100
2008/1/1,07,100.3
2008/2/1,07,100.3
2008/3/1,07,100.3
2008/4/1,07,100.3
2008/5/1,07,100.4
2008/6/1,07,119.3
2008/7/1,07,122.3
2008/8/1,07,121.5
2008/9/1,07,117.9
2008/10/1,07,113.6
2008/11/1,07,106
2008/12/1,07,99.7
2009/1/1,07,98.2
2009/2/1,07,98.2
2009/3/1,07,98.2
2009/4/1,07,98
2009/5/1,07,97.8
2009/6/1,07,97.8
2009/7/1,07,97.9
2009/8/1,07,98
2009/9/1,07,98.7
2009/10/1,07,98.6
2009/11/1,07,98.8
2009/12/1,07,98.8
2010/1/1,07,98.9
2010/2/1,07,99
2010/3/1,07,99
2010/4/1,07,99
2010/5/1,07,99
2010/6/1,07,99.1
2010/7/1,07,99.9
2010/8/1,07,100.8
2010/9/1,07,100.8
2010/10/1,07,100.8
2010/11/1,07,101
2010/12/1,07,102.9
2011/1/1,07,103.2
2011/2/1,07,103.5
2011/3/1,07,103.6
2011/4/1,07,104.2
2011/5/1,07,104.9
2011/6/1,07,104.8
2011/7/1,07,104.7
2011/8/1,07,104.8
2011/9/1,07,104.7
2011/10/1,07,104.8
2011/11/1,07,104.9
2011/12/1,07,104.9
2012/1/1,07,104.9
2012/2/1,07,104.9
2012/3/1,07,104.9
2012/4/1,07,105.2
2012/5/1,07,105.3
2012/6/1,07,105
2012/7/1,07,104.5
2012/8/1,07,104.8
2012/9/1,07,105.6
2012/10/1,07,105.6
2012/11/1,07,105.7
2012/12/1,07,105.3
2013/1/1,07,105.3
2013/2/1,07,105.3
2013/3/1,07,105.9
2013/4/1,07,105.8
2013/5/1,07,105.7
2013/6/1,07,105.3
2013/7/1,07,105.4
2013/8/1,07,105.4
2013/9/1,07,110.5
2013/10/1,07,110.8
2013/11/1,07,110.9
2013/12/1,07,110.6
2014/1/1,07,110.9
2014/2/1,07,111.1
2014/3/1,07,111.3
2014/4/1,07,111.4
2014/5/1,07,111.5
2014/6/1,07,111.1
2014/7/1,07,111.1
2014/8/1,07,111.2
2014/9/1,07,111
2014/10/1,07,116.7
2014/11/1,07,116.5
2014/12/1,07,115
2015/1/1,07,104.2
2015/2/1,07,98
2015/3/1,07,105.8
2015/4/1,07,106.1
2015/5/1,07,106.3
2015/6/1,07,109.5
2015/7/1,07,112.9
2015/8/1,07,109.9
2015/9/1,07,106.8
2015/10/1,07,110
2015/11/1,07,110.4
2015/12/1,07,107.9
2016/1/1,07,104.8
2016/2/1,07,101.5
2016/3/1,07,97.1
2016/4/1,07,100.3
2016/5/1,07,100.3
2016/6/1,07,100.2
2016/7/1,07,101.7
2016/8/1,07,102.5
2016/9/1,07,100.9
2016/10/1,07,104
2016/11/1,07,108.7
2016/12/1,07,107.2
2017/1/1,07,113.5
2017/2/1,07,119.7
2017/3/1,07,119.4
2017/4/1,07,117.1
2017/5/1,07,113.4
2017/6/1,07,110.7
2017/7/1,07,109.5
2017/8/1,07,114.5
2017/9/1,07,116.8
2017/10/1,07,116.6
2017/11/1,07,120.4
2017/12/1,07,119.5
2018/1/1,07,120
2018/2/1,07,119.3
2018/3/1,07,117.6
2018/4/1,07,117.6
2018/5/1,07,117.7
2018/6/1,07,116.8
2018/7/1,07,116.8
2018/8/1,07,116.9
2018/9/1,07,117.2
2018/10/1,07,117.5
2018/11/1,07,117.6
2018/12/1,07,117.1
2019/1/1,07,110.7
2019/2/1,07,111.2
2019/3/1,07,114.1
2019/4/1,07,114.6
2019/5/1,07,114.8
2019/6/1,07,114.4
2019/7/1,07,114.6
2019/8/1,07,114.5
2019/9/1,07,114.6
2019/10/1,07,114.8
2019/11/1,07,114.8
2019/12/1,07,114.9
2020/1/1,07,115
2020/2/1,07,113.9
2020/3/1,07,104
2020/4/1,07,90
2020/5/1,07,90.9
2020/6/1,07,98
2020/7/1,07,102.8
2020/8/1,07,103.2
2020/9/1,07,103.2
2020/10/1,07,103.1
2020/11/1,07,102.1
2020/12/1,07,105.2
2021/1/1,07,109.1
2021/2/1,07,111.6
2021/3/1,07,114.2
2021/4/1,07,114.3
2021/5/1,07,114.5
2021/6/1,07,114.3
2021/7/1,07,114.7
2021/8/1,07,114.6
2021/9/1,07,114.6
2021/10/1,07,114.8
2021/11/1,07,115.1
2021/12/1,07,115.2
2022/1/1,07,115.7
2022/2/1,07,115.9
2022/3/1,07,117.2
2022/4/1,07,117.7
2022/5/1,07,119
2022/6/1,07,120.5
2022/7/1,07,121.1
2022/8/1,07,120.6
2022/9/1,07,120.7
2022/10/1,07,120.8
2022/11/1,07,120.8
2022/12/1,07,120.9
2023/1/1,07,120.3
2023/2/1,07,120.2
2023/3/1,07,120
2023/4/1,07,120.4
2023/5/1,07,120.2
2023/6/1,07,120.5
2023/7/1,07,120.6
2023/8/1,07,120.6
2023/9/1,07,120.6
2023/10/1,07,120.8
2023/11/1,07,120.9
2023/12/1,07,121.3
2024/1/1,07,121.2
2024/2/1,07,121.7
2024/3/1,07,121.5
2024/4/1,07,121.4
2024/5/1,07,121.3
2024/6/1,07,121.9
2024/7/1,07,122.1
2024/8/1,07,122.2
2024/9/1,07,121.9
2024/10/1,07,121.7
2024/11/1,07,121.4
2024/12/1,07,121.8
2025/1/1,07,122.3
2025/2/1,07,122.6
2000/1/1,08,
2000/2/1,08,
2000/3/1,08,
2000/4/1,08,
2000/5/1,08,
2000/6/1,08,
2000/7/1,08,
2000/8/1,08,
2000/9/1,08,
2000/10/1,08,
2000/11/1,08,
2000/12/1,08,
2001/1/1,08,
2001/2/1,08,
2001/3/1,08,
2001/4/1,08,
2001/5/1,08,
2001/6/1,08,
2001/7/1,08,
2001/8/1,08,
2001/9/1,08,
2001/10/1,08,
2001/11/1,08,
2001/12/1,08,
2002/1/1,08,
2002/2/1,08,
2002/3/1,08,
2002/4/1,08,
2002/5/1,08,
2002/6/1,08,
2002/7/1,08,
2002/8/1,08,
2002/9/1,08,
2002/10/1,08,
2002/11/1,08,
2002/12/1,08,
2003/1/1,08,
2003/2/1,08,
2003/3/1,08,
2003/4/1,08,
2003/5/1,08,
2003/6/1,08,
2003/7/1,08,
2003/8/1,08,
2003/9/1,08,
2003/10/1,08,
2003/11/1,08,
2003/12/1,08,
2004/1/1,08,
2004/2/1,08,
2004/3/1,08,
2004/4/1,08,
2004/5/1,08,
2004/6/1,08,
2004/7/1,08,
2004/8/1,08,
2004/9/1,08,
2004/10/1,08,
2004/11/1,08,
2004/12/1,08,
2005/1/1,08,104.9
2005/2/1,08,104.9
2005/3/1,08,104.8
2005/4/1,08,104.6
2005/5/1,08,104.5
2005/6/1,08,104.3
2005/7/1,08,104.3
2005/8/1,08,104.2
2005/9/1,08,104.2
2005/10/1,08,104.1
2005/11/1,08,104
2005/12/1,08,103.8
2006/1/1,08,103.8
2006/2/1,08,103.7
2006/3/1,08,103.5
2006/4/1,08,103.2
2006/5/1,08,103
2006/6/1,08,102.8
2006/7/1,08,102.7
2006/8/1,08,102.6
2006/9/1,08,102.5
2006/10/1,08,102.4
2006/11/1,08,102.3
2006/12/1,08,102.2
2007/1/1,08,102.1
2007/2/1,08,102
2007/3/1,08,101.9
2007/4/1,08,101.8
2007/5/1,08,101.7
2007/6/1,08,101.6
2007/7/1,08,101.6
2007/8/1,08,101.4
2007/9/1,08,101.6
2007/10/1,08,101.4
2007/11/1,08,101.4
2007/12/1,08,101.3
2008/1/1,08,101.2
2008/2/1,08,101.2
2008/3/1,08,101.2
2008/4/1,08,101.1
2008/5/1,08,101
2008/6/1,08,101
2008/7/1,08,100.9
2008/8/1,08,100.9
2008/9/1,08,100.9
2008/10/1,08,100.9
2008/11/1,08,100.8
2008/12/1,08,100.7
2009/1/1,08,100.7
2009/2/1,08,100.7
2009/3/1,08,100.6
2009/4/1,08,100.6
2009/5/1,08,100.6
2009/6/1,08,100.5
2009/7/1,08,100.5
2009/8/1,08,100.5
2009/9/1,08,100.4
2009/10/1,08,100.4
2009/11/1,08,100.4
2009/12/1,08,100.3
2010/1/1,08,100.3
2010/2/1,08,100.3
2010/3/1,08,100.2
2010/4/1,08,99.7
2010/5/1,08,99.7
2010/6/1,08,99.7
2010/7/1,08,100.1
2010/8/1,08,100
2010/9/1,08,100.1
2010/10/1,08,100
2010/11/1,08,100
2010/12/1,08,100
2011/1/1,08,100
2011/2/1,08,100
2011/3/1,08,100
2011/4/1,08,99.9
2011/5/1,08,99.8
2011/6/1,08,99.7
2011/7/1,08,99.7
2011/8/1,08,99.6
2011/9/1,08,99.6
2011/10/1,08,99.5
2011/11/1,08,99.5
2011/12/1,08,99.4
2012/1/1,08,99.4
2012/2/1,08,99.4
2012/3/1,08,99.3
2012/4/1,08,99.2
2012/5/1,08,99.2
2012/6/1,08,99.1
2012/7/1,08,99.1
2012/8/1,08,99
2012/9/1,08,98.9
2012/10/1,08,98.8
2012/11/1,08,98.8
2012/12/1,08,98.8
2013/1/1,08,98.6
2013/2/1,08,98.7
2013/3/1,08,98.6
2013/4/1,08,98.5
2013/5/1,08,98.5
2013/6/1,08,98.4
2013/7/1,08,98.4
2013/8/1,08,98.3
2013/9/1,08,98.3
2013/10/1,08,98.3
2013/11/1,08,98.2
2013/12/1,08,98.2
2014/1/1,08,98.2
2014/2/1,08,98.1
2014/3/1,08,98.1
2014/4/1,08,97.9
2014/5/1,08,97.8
2014/6/1,08,97.8
2014/7/1,08,97.7
2014/8/1,08,97.6
2014/9/1,08,97.5
2014/10/1,08,97.4
2014/11/1,08,97.3
2014/12/1,08,97.3
2015/1/1,08,97.2
2015/2/1,08,97.2
2015/3/1,08,97.2
2015/4/1,08,100.2
2015/5/1,08,100.3
2015/6/1,08,100.3
2015/7/1,08,100.4
2015/8/1,08,100.5
2015/9/1,08,100.6
2015/10/1,08,100.6
2015/11/1,08,100.6
2015/12/1,08,100.5
2016/1/1,08,98.1
2016/2/1,08,98.1
2016/3/1,08,98.1
2016/4/1,08,98.1
2016/5/1,08,98.1
2016/6/1,08,98.1
2016/7/1,08,98.1
2016/8/1,08,98.1
2016/9/1,08,98
2016/10/1,08,98
2016/11/1,08,97.9
2016/12/1,08,97.9
2017/1/1,08,97.9
2017/2/1,08,97.8
2017/3/1,08,97.9
2017/4/1,08,97.8
2017/5/1,08,97.8
2017/6/1,08,97.8
2017/7/1,08,97.8
2017/8/1,08,97.8
2017/9/1,08,97.7
2017/10/1,08,97.6
2017/11/1,08,97.4
2017/12/1,08,97.4
2018/1/1,08,97.4
2018/2/1,08,97.3
2018/3/1,08,97.2
2018/4/1,08,97.1
2018/5/1,08,96.9
2018/6/1,08,94
2018/7/1,08,94
2018/8/1,08,93.9
2018/9/1,08,96.1
2018/10/1,08,96.1
2018/11/1,08,96.1
2018/12/1,08,96.1
2019/1/1,08,96.1
2019/2/1,08,96.1
2019/3/1,08,96.1
2019/4/1,08,96
2019/5/1,08,96
2019/6/1,08,96
2019/7/1,08,96
2019/8/1,08,96
2019/9/1,08,96
2019/10/1,08,97.5
2019/11/1,08,97.5
2019/12/1,08,97.5
2020/1/1,08,97.5
2020/2/1,08,97.5
2020/3/1,08,97.5
2020/4/1,08,97.5
2020/5/1,08,97.5
2020/6/1,08,97.5
2020/7/1,08,97.5
2020/8/1,08,97.5
2020/9/1,08,97.5
2020/10/1,08,97.5
2020/11/1,08,97.5
2020/12/1,08,97.5
2021/1/1,08,97.5
2021/2/1,08,97.5
2021/3/1,08,97.5
2021/4/1,08,97.5
2021/5/1,08,97.5
2021/6/1,08,97.5
2021/7/1,08,97.5
2021/8/1,08,97.5
2021/9/1,08,97.5
2021/10/1,08,97.5
2021/11/1,08,97.5
2021/12/1,08,97.5
2022/1/1,08,97.5
2022/2/1,08,97.5
2022/3/1,08,97.5
2022/4/1,08,97.5
2022/5/1,08,97.5
2022/6/1,08,97.5
2022/7/1,08,97.5
2022/8/1,08,97.5
2022/9/1,08,97.5
2022/10/1,08,97.5
2022/11/1,08,97.5
2022/12/1,08,97.4
2023/1/1,08,96.1
2023/2/1,08,96.1
2023/3/1,08,96.1
2023/4/1,08,96.1
2023/5/1,08,93.9
2023/6/1,08,94
2023/7/1,08,93.9
2023/8/1,08,93.9
2023/9/1,08,93.9
2023/10/1,08,93.9
2023/11/1,08,93.9
2023/12/1,08,93.8
2024/1/1,08,93.8
2024/2/1,08,93.8
2024/3/1,08,93.8
2024/4/1,08,93.7
2024/5/1,08,94.3
2024/6/1,08,94.3
2024/7/1,08,94.4
2024/8/1,08,94.4
2024/9/1,08,94.3
2024/10/1,08,92.3
2024/11/1,08,90.2
2024/12/1,08,88.7
2025/1/1,08,88.8
2025/2/1,08,88.8
2000/1/1,09,92.2
2000/2/1,09,92.3
2000/3/1,09,92.5
2000/4/1,09,92.5
2000/5/1,09,92.4
2000/6/1,09,92.4
2000/7/1,09,92.5
2000/8/1,09,92.4
2000/9/1,09,92.6
2000/10/1,09,92.5
2000/11/1,09,92.6
2000/12/1,09,92.5
2001/1/1,09,92.8
2001/2/1,09,92.7
2001/3/1,09,92.7
2001/4/1,09,92.6
2001/5/1,09,92.5
2001/6/1,09,92.5
2001/7/1,09,92.4
2001/8/1,09,92.1
2001/9/1,09,92.1
2001/10/1,09,92
2001/11/1,09,92
2001/12/1,09,92
2002/1/1,09,92.4
2002/2/1,09,92.7
2002/3/1,09,92.6
2002/4/1,09,92.6
2002/5/1,09,92.5
2002/6/1,09,92.5
2002/7/1,09,92.8
2002/8/1,09,92.7
2002/9/1,09,92.7
2002/10/1,09,92.6
2002/11/1,09,92.4
2002/12/1,09,92.4
2003/1/1,09,92.9
2003/2/1,09,93.3
2003/3/1,09,93.1
2003/4/1,09,93.1
2003/5/1,09,93.1
2003/6/1,09,93.3
2003/7/1,09,93.3
2003/8/1,09,93.2
2003/9/1,09,93.2
2003/10/1,09,93.1
2003/11/1,09,93.1
2003/12/1,09,93
2004/1/1,09,93.2
2004/2/1,09,93.2
2004/3/1,09,93
2004/4/1,09,93.1
2004/5/1,09,93.1
2004/6/1,09,93
2004/7/1,09,93
2004/8/1,09,92.9
2004/9/1,09,92.9
2004/10/1,09,92.7
2004/11/1,09,92.7
2004/12/1,09,92.7
2005/1/1,09,93.5
2005/2/1,09,93.4
2005/3/1,09,93.5
2005/4/1,09,93.4
2005/5/1,09,93.4
2005/6/1,09,93.4
2005/7/1,09,93.3
2005/8/1,09,93.3
2005/9/1,09,93.7
2005/10/1,09,93.5
2005/11/1,09,93.5
2005/12/1,09,93.8
2006/1/1,09,93.8
2006/2/1,09,94.2
2006/3/1,09,94.1
2006/4/1,09,94.1
2006/5/1,09,94.1
2006/6/1,09,94.1
2006/7/1,09,94.3
2006/8/1,09,94.2
2006/9/1,09,94.2
2006/10/1,09,94.2
2006/11/1,09,94.2
2006/12/1,09,94.1
2007/1/1,09,94.2
2007/2/1,09,94.3
2007/3/1,09,94.1
2007/4/1,09,94.1
2007/5/1,09,94.1
2007/6/1,09,96.1
2007/7/1,09,96.3
2007/8/1,09,96.4
2007/9/1,09,96.4
2007/10/1,09,96.3
2007/11/1,09,96.5
2007/12/1,09,96.5
2008/1/1,09,96.6
2008/2/1,09,96.7
2008/3/1,09,96.6
2008/4/1,09,96.7
2008/5/1,09,96.7
2008/6/1,09,96.8
2008/7/1,09,97.1
2008/8/1,09,97.2
2008/9/1,09,97.4
2008/10/1,09,97.6
2008/11/1,09,97.7
2008/12/1,09,97.7
2009/1/1,09,97.6
2009/2/1,09,97.7
2009/3/1,09,97.6
2009/4/1,09,97.6
2009/5/1,09,97.7
2009/6/1,09,97.8
2009/7/1,09,97.8
2009/8/1,09,99.7
2009/9/1,09,99.8
2009/10/1,09,99.9
2009/11/1,09,100.1
2009/12/1,09,100.1
2010/1/1,09,100.2
2010/2/1,09,100.2
2010/3/1,09,100.2
2010/4/1,09,100.1
2010/5/1,09,100
2010/6/1,09,100
2010/7/1,09,100.1
2010/8/1,09,99.9
2010/9/1,09,99.9
2010/10/1,09,99.8
2010/11/1,09,99.7
2010/12/1,09,99.7
2011/1/1,09,99.7
2011/2/1,09,100.5
2011/3/1,09,100.4
2011/4/1,09,101.9
2011/5/1,09,101.9
2011/6/1,09,101.9
2011/7/1,09,102.3
2011/8/1,09,102.9
2011/9/1,09,102.9
2011/10/1,09,103
2011/11/1,09,103.1
2011/12/1,09,103.1
2012/1/1,09,103.2
2012/2/1,09,103.4
2012/3/1,09,103.2
2012/4/1,09,103.2
2012/5/1,09,103.2
2012/6/1,09,103.2
2012/7/1,09,103.3
2012/8/1,09,103.2
2012/9/1,09,103.1
2012/10/1,09,103.1
2012/11/1,09,103
2012/12/1,09,103
2013/1/1,09,103.1
2013/2/1,09,103.2
2013/3/1,09,103.2
2013/4/1,09,103.1
2013/5/1,09,103
2013/6/1,09,103
2013/7/1,09,103
2013/8/1,09,103.1
2013/9/1,09,103
2013/10/1,09,103
2013/11/1,09,103.6
2013/12/1,09,104.9
2014/1/1,09,104.8
2014/2/1,09,104.9
2014/3/1,09,104.9
2014/4/1,09,104.9
2014/5/1,09,105
2014/6/1,09,105
2014/7/1,09,105
2014/8/1,09,105
2014/9/1,09,105
2014/10/1,09,104.9
2014/11/1,09,104.9
2014/12/1,09,104.9
2015/1/1,09,105.3
2015/2/1,09,105.7
2015/3/1,09,105.5
2015/4/1,09,106.5
2015/5/1,09,106.7
2015/6/1,09,106.8
2015/7/1,09,107
2015/8/1,09,107.2
2015/9/1,09,107.4
2015/10/1,09,107.4
2015/11/1,09,107.6
2015/12/1,09,107.6
2016/1/1,09,107.7
2016/2/1,09,108.2
2016/3/1,09,108.2
2016/4/1,09,108.2
2016/5/1,09,108.3
2016/6/1,09,108.3
2016/7/1,09,108.8
2016/8/1,09,111.1
2016/9/1,09,111.1
2016/10/1,09,111.2
2016/11/1,09,111
2016/12/1,09,111.1
2017/1/1,09,111.2
2017/2/1,09,111.6
2017/3/1,09,111.4
2017/4/1,09,111.4
2017/5/1,09,111.4
2017/6/1,09,111.5
2017/7/1,09,111.6
2017/8/1,09,111.5
2017/9/1,09,111.5
2017/10/1,09,111.6
2017/11/1,09,111.7
2017/12/1,09,111.7
2018/1/1,09,111.8
2018/2/1,09,112
2018/3/1,09,112
2018/4/1,09,112.1
2018/5/1,09,112
2018/6/1,09,108.7
2018/7/1,09,108.9
2018/8/1,09,109
2018/9/1,09,111.3
2018/10/1,09,111.4
2018/11/1,09,111.4
2018/12/1,09,111.5
2019/1/1,09,111.4
2019/2/1,09,111.6
2019/3/1,09,111.5
2019/4/1,09,111.6
2019/5/1,09,111.5
2019/6/1,09,111.6
2019/7/1,09,111.5
2019/8/1,09,111.5
2019/9/1,09,112.2
2019/10/1,09,112.2
2019/11/1,09,112.3
2019/12/1,09,112.2
2020/1/1,09,112.4
2020/2/1,09,112.4
2020/3/1,09,112.3
2020/4/1,09,112.3
2020/5/1,09,112.3
2020/6/1,09,112.3
2020/7/1,09,112.3
2020/8/1,09,112.2
2020/9/1,09,112.3
2020/10/1,09,112.4
2020/11/1,09,112.4
2020/12/1,09,112.4
2021/1/1,09,112.5
2021/2/1,09,112.5
2021/3/1,09,112.9
2021/4/1,09,113.1
2021/5/1,09,113
2021/6/1,09,113
2021/7/1,09,113
2021/8/1,09,113
2021/9/1,09,113
2021/10/1,09,112.6
2021/11/1,09,112.6
2021/12/1,09,112.9
2022/1/1,09,113.8
2022/2/1,09,114.3
2022/3/1,09,114.1
2022/4/1,09,114.6
2022/5/1,09,115
2022/6/1,09,115.5
2022/7/1,09,115.8
2022/8/1,09,116.1
2022/9/1,09,116.5
2022/10/1,09,116.4
2022/11/1,09,116.6
2022/12/1,09,115.6
2023/1/1,09,116.9
2023/2/1,09,116.3
2023/3/1,09,116.3
2023/4/1,09,116.7
2023/5/1,09,117.1
2023/6/1,09,117.4
2023/7/1,09,117.1
2023/8/1,09,117.3
2023/9/1,09,117.2
2023/10/1,09,117.2
2023/11/1,09,117.3
2023/12/1,09,117.8
2024/1/1,09,117.8
2024/2/1,09,118.2
2024/3/1,09,118
2024/4/1,09,119
2024/5/1,09,119.3
2024/6/1,09,119.6
2024/7/1,09,119.7
2024/8/1,09,119.7
2024/9/1,09,119.7
2024/10/1,09,119.6
2024/11/1,09,119.7
2024/12/1,09,119.8
2025/1/1,09,119.9
2025/2/1,09,120
2000/1/1,10,
2000/2/1,10,
2000/3/1,10,
2000/4/1,10,
2000/5/1,10,
2000/6/1,10,
2000/7/1,10,
2000/8/1,10,
2000/9/1,10,
2000/10/1,10,
2000/11/1,10,
2000/12/1,10,
2001/1/1,10,
2001/2/1,10,
2001/3/1,10,
2001/4/1,10,
2001/5/1,10,
2001/6/1,10,
2001/7/1,10,
2001/8/1,10,
2001/9/1,10,
2001/10/1,10,
2001/11/1,10,
2001/12/1,10,
2002/1/1,10,
2002/2/1,10,
2002/3/1,10,
2002/4/1,10,
2002/5/1,10,
2002/6/1,10,
2002/7/1,10,
2002/8/1,10,
2002/9/1,10,
2002/10/1,10,
2002/11/1,10,
2002/12/1,10,
2003/1/1,10,
2003/2/1,10,
2003/3/1,10,
2003/4/1,10,
2003/5/1,10,
2003/6/1,10,
2003/7/1,10,
2003/8/1,10,
2003/9/1,10,
2003/10/1,10,
2003/11/1,10,
2003/12/1,10,
2004/1/1,10,
2004/2/1,10,
2004/3/1,10,
2004/4/1,10,
2004/5/1,10,
2004/6/1,10,
2004/7/1,10,
2004/8/1,10,
2004/9/1,10,
2004/10/1,10,
2004/11/1,10,
2004/12/1,10,
2005/1/1,10,90.5
2005/2/1,10,90.6
2005/3/1,10,90.6
2005/4/1,10,90.7
2005/5/1,10,90.7
2005/6/1,10,90.8
2005/7/1,10,90.9
2005/8/1,10,91
2005/9/1,10,90.9
2005/10/1,10,90.9
2005/11/1,10,90.9
2005/12/1,10,91
2006/1/1,10,91.5
2006/2/1,10,91.8
2006/3/1,10,91.9
2006/4/1,10,92
2006/5/1,10,92
2006/6/1,10,92.2
2006/7/1,10,92.3
2006/8/1,10,92.5
2006/9/1,10,92.6
2006/10/1,10,92.6
2006/11/1,10,92.7
2006/12/1,10,93.1
2007/1/1,10,93.6
2007/2/1,10,93.7
2007/3/1,10,93.8
2007/4/1,10,93.8
2007/5/1,10,93.8
2007/6/1,10,93.9
2007/7/1,10,93.9
2007/8/1,10,94
2007/9/1,10,94
2007/10/1,10,94
2007/11/1,10,94
2007/12/1,10,94.1
2008/1/1,10,95
2008/2/1,10,95.7
2008/3/1,10,95.8
2008/4/1,10,95.9
2008/5/1,10,95.9
2008/6/1,10,96.1
2008/7/1,10,96.1
2008/8/1,10,96.3
2008/9/1,10,96.5
2008/10/1,10,96.6
2008/11/1,10,96.6
2008/12/1,10,96.7
2009/1/1,10,97.8
2009/2/1,10,98
2009/3/1,10,98.1
2009/4/1,10,98.2
2009/5/1,10,98.2
2009/6/1,10,98.2
2009/7/1,10,98.4
2009/8/1,10,98.6
2009/9/1,10,98.6
2009/10/1,10,98.6
2009/11/1,10,98.6
2009/12/1,10,98.7
2010/1/1,10,99.5
2010/2/1,10,99.6
2010/3/1,10,99.8
2010/4/1,10,99.9
2010/5/1,10,99.9
2010/6/1,10,99.9
2010/7/1,10,100.1
2010/8/1,10,100.2
2010/9/1,10,100.2
2010/10/1,10,100.2
2010/11/1,10,100.3
2010/12/1,10,100.4
2011/1/1,10,101
2011/2/1,10,101.6
2011/3/1,10,101.9
2011/4/1,10,102.1
2011/5/1,10,102.1
2011/6/1,10,102.2
2011/7/1,10,102.3
2011/8/1,10,102.4
2011/9/1,10,102.4
2011/10/1,10,102.5
2011/11/1,10,103.1
2011/12/1,10,103.2
2012/1/1,10,104.1
2012/2/1,10,104.5
2012/3/1,10,104.6
2012/4/1,10,104.8
2012/5/1,10,104.8
2012/6/1,10,104.7
2012/7/1,10,104.7
2012/8/1,10,104.7
2012/9/1,10,104.8
2012/10/1,10,104.8
2012/11/1,10,104.8
2012/12/1,10,104.9
2013/1/1,10,106
2013/2/1,10,106.8
2013/3/1,10,106.9
2013/4/1,10,107
2013/5/1,10,107.2
2013/6/1,10,107.3
2013/7/1,10,107.4
2013/8/1,10,107.4
2013/9/1,10,107.5
2013/10/1,10,107.5
2013/11/1,10,107.8
2013/12/1,10,107.9
2014/1/1,10,108.8
2014/2/1,10,109.3
2014/3/1,10,109.4
2014/4/1,10,109.5
2014/5/1,10,109.6
2014/6/1,10,109.7
2014/7/1,10,109.9
2014/8/1,10,110.1
2014/9/1,10,110.1
2014/10/1,10,110.1
2014/11/1,10,110.2
2014/12/1,10,110.3
2015/1/1,10,111.1
2015/2/1,10,111.7
2015/3/1,10,111.8
2015/4/1,10,112.4
2015/5/1,10,112.3
2015/6/1,10,112.5
2015/7/1,10,112.5
2015/8/1,10,112.8
2015/9/1,10,112.8
2015/10/1,10,112.8
2015/11/1,10,112.9
2015/12/1,10,113.2
2016/1/1,10,114
2016/2/1,10,114.5
2016/3/1,10,114.7
2016/4/1,10,114.8
2016/5/1,10,114.8
2016/6/1,10,114.9
2016/7/1,10,115
2016/8/1,10,115
2016/9/1,10,115
2016/10/1,10,115
2016/11/1,10,115.1
2016/12/1,10,115.1
2017/1/1,10,116.3
2017/2/1,10,116.4
2017/3/1,10,116.6
2017/4/1,10,116.7
2017/5/1,10,116.7
2017/6/1,10,116.8
2017/7/1,10,116.8
2017/8/1,10,116.8
2017/9/1,10,116.8
2017/10/1,10,116.8
2017/11/1,10,116.8
2017/12/1,10,117
2018/1/1,10,117.7
2018/2/1,10,117.8
2018/3/1,10,117.9
2018/4/1,10,118
2018/5/1,10,118.1
2018/6/1,10,117.9
2018/7/1,10,118
2018/8/1,10,118.1
2018/9/1,10,118.1
2018/10/1,10,118.1
2018/11/1,10,118.4
2018/12/1,10,118.3
2019/1/1,10,118.8
2019/2/1,10,119.3
2019/3/1,10,119.4
2019/4/1,10,119.4
2019/5/1,10,119.5
2019/6/1,10,119.5
2019/7/1,10,119.6
2019/8/1,10,119.7
2019/9/1,10,120.2
2019/10/1,10,120.3
2019/11/1,10,120.3
2019/12/1,10,120.3
2020/1/1,10,120.8
2020/2/1,10,120.9
2020/3/1,10,120.9
2020/4/1,10,120.8
2020/5/1,10,120.7
2020/6/1,10,120.5
2020/7/1,10,121
2020/8/1,10,121
2020/9/1,10,121.1
2020/10/1,10,121.1
2020/11/1,10,121
2020/12/1,10,121
2021/1/1,10,121
2021/2/1,10,121
2021/3/1,10,120.9
2021/4/1,10,121.1
2021/5/1,10,121.1
2021/6/1,10,121.1
2021/7/1,10,121.1
2021/8/1,10,121
2021/9/1,10,121
2021/10/1,10,121
2021/11/1,10,121.1
2021/12/1,10,121.2
2022/1/1,10,121.8
2022/2/1,10,121.9
2022/3/1,10,122
2022/4/1,10,122.3
2022/5/1,10,122.3
2022/6/1,10,122.4
2022/7/1,10,122.5
2022/8/1,10,122.5
2022/9/1,10,122.6
2022/10/1,10,122.7
2022/11/1,10,122.9
2022/12/1,10,122.9
2023/1/1,10,123.4
2023/2/1,10,123.9
2023/3/1,10,124.1
2023/4/1,10,124.3
2023/5/1,10,124.6
2023/6/1,10,124.7
2023/7/1,10,124.9
2023/8/1,10,125.1
2023/9/1,10,125.1
2023/10/1,10,125.3
2023/11/1,10,125.3
2023/12/1,10,125.3
2024/1/1,10,125.5
2024/2/1,10,125.7
2024/3/1,10,125.9
2024/4/1,10,126.1
2024/5/1,10,126.5
2024/6/1,10,126.8
2024/7/1,10,127
2024/8/1,10,127
2024/9/1,10,127
2024/10/1,10,127.2
2024/11/1,10,127.2
2024/12/1,10,127.2
2025/1/1,10,127.5
2025/2/1,10,128.1
2000/1/1,11,
2000/2/1,11,
2000/3/1,11,
2000/4/1,11,
2000/5/1,11,
2000/6/1,11,
2000/7/1,11,
2000/8/1,11,
2000/9/1,11,
2000/10/1,11,
2000/11/1,11,
2000/12/1,11,
2001/1/1,11,
2001/2/1,11,
2001/3/1,11,
2001/4/1,11,
2001/5/1,11,
2001/6/1,11,
2001/7/1,11,
2001/8/1,11,
2001/9/1,11,
2001/10/1,11,
2001/11/1,11,
2001/12/1,11,
2002/1/1,11,
2002/2/1,11,
2002/3/1,11,
2002/4/1,11,
2002/5/1,11,
2002/6/1,11,
2002/7/1,11,
2002/8/1,11,
2002/9/1,11,
2002/10/1,11,
2002/11/1,11,
2002/12/1,11,
2003/1/1,11,
2003/2/1,11,
2003/3/1,11,
2003/4/1,11,
2003/5/1,11,
2003/6/1,11,
2003/7/1,11,
2003/8/1,11,
2003/9/1,11,
2003/10/1,11,
2003/11/1,11,
2003/12/1,11,
2004/1/1,11,
2004/2/1,11,
2004/3/1,11,
2004/4/1,11,
2004/5/1,11,
2004/6/1,11,
2004/7/1,11,
2004/8/1,11,
2004/9/1,11,
2004/10/1,11,
2004/11/1,11,
2004/12/1,11,
2005/1/1,11,81.5
2005/2/1,11,81.6
2005/3/1,11,81.8
2005/4/1,11,82
2005/5/1,11,82.5
2005/6/1,11,82.8
2005/7/1,11,83.2
2005/8/1,11,83.7
2005/9/1,11,83.9
2005/10/1,11,84.3
2005/11/1,11,84.4
2005/12/1,11,84.5
2006/1/1,11,84.9
2006/2/1,11,85.1
2006/3/1,11,85.4
2006/4/1,11,85.7
2006/5/1,11,85.9
2006/6/1,11,86.2
2006/7/1,11,86.3
2006/8/1,11,86.5
2006/9/1,11,86.6
2006/10/1,11,86.6
2006/11/1,11,86.7
2006/12/1,11,86.9
2007/1/1,11,87.2
2007/2/1,11,87.1
2007/3/1,11,87.5
2007/4/1,11,87.7
2007/5/1,11,88.1
2007/6/1,11,89
2007/7/1,11,89.7
2007/8/1,11,90.1
2007/9/1,11,90.5
2007/10/1,11,90.6
2007/11/1,11,91.6
2007/12/1,11,92.1
2008/1/1,11,93
2008/2/1,11,93.5
2008/3/1,11,93.7
2008/4/1,11,94.1
2008/5/1,11,94.3
2008/6/1,11,95
2008/7/1,11,95.6
2008/8/1,11,96
2008/9/1,11,96.2
2008/10/1,11,96.5
2008/11/1,11,96.7
2008/12/1,11,97
2009/1/1,11,97.3
2009/2/1,11,97.5
2009/3/1,11,97.6
2009/4/1,11,97.7
2009/5/1,11,97.8
2009/6/1,11,98
2009/7/1,11,98
2009/8/1,11,98
2009/9/1,11,98
2009/10/1,11,98.2
2009/11/1,11,98.4
2009/12/1,11,98.5
2010/1/1,11,98.7
2010/2/1,11,98.9
2010/3/1,11,99.3
2010/4/1,11,99.5
2010/5/1,11,99.6
2010/6/1,11,99.8
2010/7/1,11,99.9
2010/8/1,11,100.2
2010/9/1,11,100.5
2010/10/1,11,100.9
2010/11/1,11,101.1
2010/12/1,11,101.6
2011/1/1,11,103.2
2011/2/1,11,104.2
2011/3/1,11,104.7
2011/4/1,11,105.1
2011/5/1,11,105.6
2011/6/1,11,105.9
2011/7/1,11,106.4
2011/8/1,11,106.5
2011/9/1,11,106.8
2011/10/1,11,107.1
2011/11/1,11,107.4
2011/12/1,11,107.5
2012/1/1,11,107.8
2012/2/1,11,108.1
2012/3/1,11,108.4
2012/4/1,11,108.6
2012/5/1,11,108.8
2012/6/1,11,109
2012/7/1,11,109.2
2012/8/1,11,109.2
2012/9/1,11,109.5
2012/10/1,11,109.7
2012/11/1,11,109.9
2012/12/1,11,109.9
2013/1/1,11,110.1
2013/2/1,11,110.5
2013/3/1,11,110.9
2013/4/1,11,111.1
2013/5/1,11,111.3
2013/6/1,11,111.4
2013/7/1,11,111.5
2013/8/1,11,111.8
2013/9/1,11,112.2
2013/10/1,11,112.5
2013/11/1,11,113.2
2013/12/1,11,113.5
2014/1/1,11,114.7
2014/2/1,11,115.4
2014/3/1,11,115.9
2014/4/1,11,116.4
2014/5/1,11,116.7
2014/6/1,11,116.9
2014/7/1,11,117.1
2014/8/1,11,117.5
2014/9/1,11,117.6
2014/10/1,11,117.7
2014/11/1,11,118.1
2014/12/1,11,118.2
2015/1/1,11,118.6
2015/2/1,11,118.8
2015/3/1,11,119.2
2015/4/1,11,121.4
2015/5/1,11,121.9
2015/6/1,11,122.2
2015/7/1,11,122.5
2015/8/1,11,122.8
2015/9/1,11,123
2015/10/1,11,123.2
2015/11/1,11,123.5
2015/12/1,11,123.8
2016/1/1,11,123.9
2016/2/1,11,124.4
2016/3/1,11,124.6
2016/4/1,11,124.7
2016/5/1,11,125
2016/6/1,11,124.9
2016/7/1,11,125.1
2016/8/1,11,125.4
2016/9/1,11,125.7
2016/10/1,11,125.7
2016/11/1,11,125.8
2016/12/1,11,126.1
2017/1/1,11,126.5
2017/2/1,11,127.3
2017/3/1,11,127.5
2017/4/1,11,127.7
2017/5/1,11,127.9
2017/6/1,11,128
2017/7/1,11,128.3
2017/8/1,11,128.9
2017/9/1,11,129
2017/10/1,11,129.1
2017/11/1,11,129.3
2017/12/1,11,129.4
2018/1/1,11,129.5
2018/2/1,11,129.6
2018/3/1,11,130
2018/4/1,11,130.5
2018/5/1,11,130.6
2018/6/1,11,129.6
2018/7/1,11,129.6
2018/8/1,11,129.8
2018/9/1,11,130.4
2018/10/1,11,130.6
2018/11/1,11,130.9
2018/12/1,11,131.1
2019/1/1,11,131.1
2019/2/1,11,131.3
2019/3/1,11,131.3
2019/4/1,11,131.6
2019/5/1,11,131.4
2019/6/1,11,131.7
2019/7/1,11,131.8
2019/8/1,11,132
2019/9/1,11,132.2
2019/10/1,11,132.2
2019/11/1,11,132.3
2019/12/1,11,132.5
2020/1/1,11,132.6
2020/2/1,11,132.8
2020/3/1,11,132.5
2020/4/1,11,132.5
2020/5/1,11,132.6
2020/6/1,11,132.1
2020/7/1,11,132
2020/8/1,11,132.1
2020/9/1,11,132.3
2020/10/1,11,132.3
2020/11/1,11,132.3
2020/12/1,11,132.3
2021/1/1,11,132.5
2021/2/1,11,132.4
2021/3/1,11,132.5
2021/4/1,11,132.7
2021/5/1,11,132.8
2021/6/1,11,132.8
2021/7/1,11,132.9
2021/8/1,11,132.9
2021/9/1,11,132.7
2021/10/1,11,133.1
2021/11/1,11,133.5
2021/12/1,11,134
2022/1/1,11,135.3
2022/2/1,11,135.8
2022/3/1,11,136.4
2022/4/1,11,136.9
2022/5/1,11,137.7
2022/6/1,11,139.5
2022/7/1,11,140.6
2022/8/1,11,141.4
2022/9/1,11,141.8
2022/10/1,11,142.2
2022/11/1,11,142.9
2022/12/1,11,143.9
2023/1/1,11,144.5
2023/2/1,11,145.8
2023/3/1,11,146.2
2023/4/1,11,146
2023/5/1,11,146.9
2023/6/1,11,147.1
2023/7/1,11,147.6
2023/8/1,11,148
2023/9/1,11,148.1
2023/10/1,11,148.8
2023/11/1,11,149
2023/12/1,11,149.2
2024/1/1,11,149.1
2024/2/1,11,150
2024/3/1,11,150.6
2024/4/1,11,151.1
2024/5/1,11,151.6
2024/6/1,11,152
2024/7/1,11,152.6
2024/8/1,11,152.7
2024/9/1,11,152.8
2024/10/1,11,153
2024/11/1,11,153.2
2024/12/1,11,153.6
2025/1/1,11,154.3
2025/2/1,11,155.2
2000/1/1,12,
2000/2/1,12,
2000/3/1,12,
2000/4/1,12,
2000/5/1,12,
2000/6/1,12,
2000/7/1,12,
2000/8/1,12,
2000/9/1,12,
2000/10/1,12,
2000/11/1,12,
2000/12/1,12,
2001/1/1,12,
2001/2/1,12,
2001/3/1,12,
2001/4/1,12,
2001/5/1,12,
2001/6/1,12,
2001/7/1,12,
2001/8/1,12,
2001/9/1,12,
2001/10/1,12,
2001/11/1,12,
2001/12/1,12,
2002/1/1,12,
2002/2/1,12,
2002/3/1,12,
2002/4/1,12,
2002/5/1,12,
2002/6/1,12,
2002/7/1,12,
2002/8/1,12,
2002/9/1,12,
2002/10/1,12,
2002/11/1,12,
2002/12/1,12,
2003/1/1,12,
2003/2/1,12,
2003/3/1,12,
2003/4/1,12,
2003/5/1,12,
2003/6/1,12,
2003/7/1,12,
2003/8/1,12,
2003/9/1,12,
2003/10/1,12,
2003/11/1,12,
2003/12/1,12,
2004/1/1,12,
2004/2/1,12,
2004/3/1,12,
2004/4/1,12,
2004/5/1,12,
2004/6/1,12,
2004/7/1,12,
2004/8/1,12,
2004/9/1,12,
2004/10/1,12,
2004/11/1,12,
2004/12/1,12,
2005/1/1,12,
2005/2/1,12,
2005/3/1,12,
2005/4/1,12,
2005/5/1,12,
2005/6/1,12,
2005/7/1,12,
2005/8/1,12,
2005/9/1,12,
2005/10/1,12,
2005/11/1,12,
2005/12/1,12,
2006/1/1,12,
2006/2/1,12,
2006/3/1,12,
2006/4/1,12,
2006/5/1,12,
2006/6/1,12,
2006/7/1,12,
2006/8/1,12,
2006/9/1,12,
2006/10/1,12,
2006/11/1,12,
2006/12/1,12,
2007/1/1,12,
2007/2/1,12,
2007/3/1,12,
2007/4/1,12,
2007/5/1,12,
2007/6/1,12,
2007/7/1,12,
2007/8/1,12,
2007/9/1,12,
2007/10/1,12,
2007/11/1,12,
2007/12/1,12,
2008/1/1,12,
2008/2/1,12,
2008/3/1,12,
2008/4/1,12,
2008/5/1,12,
2008/6/1,12,
2008/7/1,12,
2008/8/1,12,
2008/9/1,12,
2008/10/1,12,
2008/11/1,12,
2008/12/1,12,
2009/1/1,12,
2009/2/1,12,
2009/3/1,12,
2009/4/1,12,
2009/5/1,12,
2009/6/1,12,
2009/7/1,12,
2009/8/1,12,
2009/9/1,12,
2009/10/1,12,
2009/11/1,12,
2009/12/1,12,
2010/1/1,12,99.9
2010/2/1,12,99.9
2010/3/1,12,100
2010/4/1,12,100
2010/5/1,12,100
2010/6/1,12,100
2010/7/1,12,100
2010/8/1,12,100
2010/9/1,12,100
2010/10/1,12,100
2010/11/1,12,100
2010/12/1,12,100
2011/1/1,12,100.1
2011/2/1,12,100.1
2011/3/1,12,100.1
2011/4/1,12,100.1
2011/5/1,12,100.2
2011/6/1,12,100.2
2011/7/1,12,100.3
2011/8/1,12,100.2
2011/9/1,12,100.2
2011/10/1,12,100.2
2011/11/1,12,100
2011/12/1,12,100
2012/1/1,12,100.3
2012/2/1,12,101
2012/3/1,12,101.3
2012/4/1,12,101.3
2012/5/1,12,101.2
2012/6/1,12,101.2
2012/7/1,12,101.2
2012/8/1,12,101.6
2012/9/1,12,101.7
2012/10/1,12,102
2012/11/1,12,102
2012/12/1,12,102
2013/1/1,12,102.4
2013/2/1,12,102.4
2013/3/1,12,102.6
2013/4/1,12,102.6
2013/5/1,12,102.6
2013/6/1,12,102.6
2013/7/1,12,103.4
2013/8/1,12,103.4
2013/9/1,12,103.4
2013/10/1,12,103.5
2013/11/1,12,103.5
2013/12/1,12,103.5
2014/1/1,12,103.5
2014/2/1,12,103.7
2014/3/1,12,104.4
2014/4/1,12,104.5
2014/5/1,12,104.5
2014/6/1,12,104.5
2014/7/1,12,104.5
2014/8/1,12,104.8
2014/9/1,12,104.8
2014/10/1,12,104.8
2014/11/1,12,104.8
2014/12/1,12,105
2015/1/1,12,105
2015/2/1,12,105.1
2015/3/1,12,105.4
2015/4/1,12,109
2015/5/1,12,109.8
2015/6/1,12,110
2015/7/1,12,109.8
2015/8/1,12,109.9
2015/9/1,12,110.1
2015/10/1,12,110.1
2015/11/1,12,110.5
2015/12/1,12,110.5
2016/1/1,12,110.6
2016/2/1,12,110.6
2016/3/1,12,110.6
2016/4/1,12,111.2
2016/5/1,12,111.4
2016/6/1,12,111.5
2016/7/1,12,111.5
2016/8/1,12,111.6
2016/9/1,12,111.5
2016/10/1,12,111.5
2016/11/1,12,111.5
2016/12/1,12,111.5
2017/1/1,12,111.6
2017/2/1,12,111.6
2017/3/1,12,111.6
2017/4/1,12,111.6
2017/5/1,12,111.6
2017/6/1,12,111.6
2017/7/1,12,111.6
2017/8/1,12,111.6
2017/9/1,12,111.6
2017/10/1,12,111.6
2017/11/1,12,111.6
2017/12/1,12,111.6
2018/1/1,12,111.6
2018/2/1,12,111.7
2018/3/1,12,111.7
2018/4/1,12,111.7
2018/5/1,12,111.7
2018/6/1,12,108.8
2018/7/1,12,108.8
2018/8/1,12,108.8
2018/9/1,12,109.2
2018/10/1,12,109.8
2018/11/1,12,109.8
2018/12/1,12,109.8
2019/1/1,12,109.9
2019/2/1,12,109.9
2019/3/1,12,109.9
2019/4/1,12,109.9
2019/5/1,12,109.9
2019/6/1,12,109.9
2019/7/1,12,109.9
2019/8/1,12,109.9
2019/9/1,12,109.9
2019/10/1,12,109.9
2019/11/1,12,109.9
2019/12/1,12,109.8
2020/1/1,12,109.8
2020/2/1,12,109.8
2020/3/1,12,109.9
2020/4/1,12,109.9
2020/5/1,12,109.9
2020/6/1,12,109.9
2020/7/1,12,109.9
2020/8/1,12,109.9
2020/9/1,12,109.9
2020/10/1,12,109.9
2020/11/1,12,109.9
2020/12/1,12,109.9
2021/1/1,12,109.9
2021/2/1,12,109.9
2021/3/1,12,109.9
2021/4/1,12,109.9
2021/5/1,12,109.9
2021/6/1,12,109.9
2021/7/1,12,109.9
2021/8/1,12,109.9
2021/9/1,12,109.9
2021/10/1,12,109.9
2021/11/1,12,109.9
2021/12/1,12,109.9
2022/1/1,12,109.9
2022/2/1,12,109.9
2022/3/1,12,109.9
2022/4/1,12,109.9
2022/5/1,12,109.9
2022/6/1,12,110.2
2022/7/1,12,110.2
2022/8/1,12,110.2
2022/9/1,12,110.2
2022/10/1,12,110.2
2022/11/1,12,110.2
2022/12/1,12,110.2
2023/1/1,12,110.2
2023/2/1,12,110.3
2023/3/1,12,110.3
2023/4/1,12,110.3
2023/5/1,12,110.3
2023/6/1,12,110.3
2023/7/1,12,110.2
2023/8/1,12,110.2
2023/9/1,12,110.2
2023/10/1,12,110.2
2023/11/1,12,110.2
2023/12/1,12,110.2
2024/1/1,12,110.2
2024/2/1,12,110.2
2024/3/1,12,110.2
2024/4/1,12,110.2
2024/5/1,12,110.2
2024/6/1,12,110.2
2024/7/1,12,110.8
2024/8/1,12,110.8
2024/9/1,12,110.8
2024/10/1,12,110.8
2024/11/1,12,110.8
2024/12/1,12,110.8
2025/1/1,12,110.9
2025/2/1,12,111.8
2000/1/1,13,82.4
2000/2/1,13,82.9
2000/3/1,13,83
2000/4/1,13,82.8
2000/5/1,13,82.8
2000/6/1,13,82.8
2000/7/1,13,82.9
2000/8/1,13,82.8
2000/9/1,13,82.8
2000/10/1,13,82.8
2000/11/1,13,83
2000/12/1,13,83
2001/1/1,13,83.2
2001/2/1,13,83.2
2001/3/1,13,83.1
2001/4/1,13,83.3
2001/5/1,13,83.3
2001/6/1,13,83.4
2001/7/1,13,83.5
2001/8/1,13,83.4
2001/9/1,13,83.6
2001/10/1,13,83.8
2001/11/1,13,83.8
2001/12/1,13,83.6
2002/1/1,13,83.8
2002/2/1,13,83.9
2002/3/1,13,84
2002/4/1,13,84.1
2002/5/1,13,84.4
2002/6/1,13,84.6
2002/7/1,13,84.6
2002/8/1,13,84.4
2002/9/1,13,84.6
2002/10/1,13,84.6
2002/11/1,13,84.6
2002/12/1,13,84.7
2003/1/1,13,85.1
2003/2/1,13,85.5
2003/3/1,13,85.3
2003/4/1,13,85
2003/5/1,13,85.1
2003/6/1,13,85.3
2003/7/1,13,85.3
2003/8/1,13,85.2
2003/9/1,13,85.7
2003/10/1,13,85.7
2003/11/1,13,85.7
2003/12/1,13,86.2
2004/1/1,13,86.7
2004/2/1,13,86.7
2004/3/1,13,86.6
2004/4/1,13,86.9
2004/5/1,13,86.7
2004/6/1,13,86.6
2004/7/1,13,86.8
2004/8/1,13,86.8
2004/9/1,13,87.1
2004/10/1,13,87.3
2004/11/1,13,87.6
2004/12/1,13,88.1
2005/1/1,13,88.1
2005/2/1,13,88.1
2005/3/1,13,88
2005/4/1,13,88.1
2005/5/1,13,88.2
2005/6/1,13,88.1
2005/7/1,13,88.3
2005/8/1,13,88.3
2005/9/1,13,88.6
2005/10/1,13,88.8
2005/11/1,13,88.8
2005/12/1,13,89.2
2006/1/1,13,89.6
2006/2/1,13,89.9
2006/3/1,13,89.7
2006/4/1,13,90.2
2006/5/1,13,91.2
2006/6/1,13,90.7
2006/7/1,13,90.6
2006/8/1,13,90.7
2006/9/1,13,90.7
2006/10/1,13,90.2
2006/11/1,13,90.5
2006/12/1,13,90.6
2007/1/1,13,90.5
2007/2/1,13,90.7
2007/3/1,13,90.7
2007/4/1,13,90.9
2007/5/1,13,91
2007/6/1,13,90.9
2007/7/1,13,91
2007/8/1,13,91.1
2007/9/1,13,91.4
2007/10/1,13,91.6
2007/11/1,13,92.4
2007/12/1,13,92.4
2008/1/1,13,93.2
2008/2/1,13,93.7
2008/3/1,13,94.1
2008/4/1,13,93.9
2008/5/1,13,93.8
2008/6/1,13,94.2
2008/7/1,13,94.8
2008/8/1,13,94.6
2008/9/1,13,94.3
2008/10/1,13,95.4
2008/11/1,13,94.6
2008/12/1,13,94.8
2009/1/1,13,95.7
2009/2/1,13,97.2
2009/3/1,13,97.4
2009/4/1,13,97.2
2009/5/1,13,97.2
2009/6/1,13,97.6
2009/7/1,13,97.6
2009/8/1,13,97.7
2009/9/1,13,98.3
2009/10/1,13,98.4
2009/11/1,13,99.1
2009/12/1,13,99.7
2010/1/1,13,99.9
2010/2/1,13,99.6
2010/3/1,13,99.6
2010/4/1,13,99.5
2010/5/1,13,99.7
2010/6/1,13,99.9
2010/7/1,13,100
2010/8/1,13,99.8
2010/9/1,13,100.2
2010/10/1,13,100.5
2010/11/1,13,100.7
2010/12/1,13,100.8
2011/1/1,13,101.1
2011/2/1,13,101
2011/3/1,13,101.2
2011/4/1,13,101.3
2011/5/1,13,101.7
2011/6/1,13,101.9
2011/7/1,13,102.4
2011/8/1,13,103.2
2011/9/1,13,103.9
2011/10/1,13,103.5
2011/11/1,13,103.9
2011/12/1,13,103.9
2012/1/1,13,103.8
2012/2/1,13,104.2
2012/3/1,13,104.1
2012/4/1,13,103.9
2012/5/1,13,103.9
2012/6/1,13,104.1
2012/7/1,13,104.5
2012/8/1,13,104.4
2012/9/1,13,104.9
2012/10/1,13,105
2012/11/1,13,105.1
2012/12/1,13,104.9
2013/1/1,13,105.6
2013/2/1,13,105.4
2013/3/1,13,105.3
2013/4/1,13,104.9
2013/5/1,13,104.3
2013/6/1,13,104.1
2013/7/1,13,103.9
2013/8/1,13,104.7
2013/9/1,13,104.9
2013/10/1,13,104.6
2013/11/1,13,104.6
2013/12/1,13,104.3
2014/1/1,13,104.4
2014/2/1,13,105
2014/3/1,13,105.4
2014/4/1,13,105.4
2014/5/1,13,105.4
2014/6/1,13,105.4
2014/7/1,13,105.4
2014/8/1,13,105.6
2014/9/1,13,105.6
2014/10/1,13,105.3
2014/11/1,13,105.5
2014/12/1,13,105.8
2015/1/1,13,106.2
2015/2/1,13,106.7
2015/3/1,13,107
2015/4/1,13,109.7
2015/5/1,13,110
2015/6/1,13,110.2
2015/7/1,13,110.4
2015/8/1,13,110.4
2015/9/1,13,111.5
2015/10/1,13,111.4
2015/11/1,13,111.7
2015/12/1,13,111.5
2016/1/1,13,112
2016/2/1,13,112.3
2016/3/1,13,112.5
2016/4/1,13,112.5
2016/5/1,13,112.7
2016/6/1,13,112.7
2016/7/1,13,113.1
2016/8/1,13,113.2
2016/9/1,13,113.2
2016/10/1,13,113.1
2016/11/1,13,113.7
2016/12/1,13,113.5
2017/1/1,13,113.6
2017/2/1,13,113.9
2017/3/1,13,114
2017/4/1,13,114.2
2017/5/1,13,114.2
2017/6/1,13,114.1
2017/7/1,13,114.4
2017/8/1,13,114.2
2017/9/1,13,114.4
2017/10/1,13,114.5
2017/11/1,13,114.5
2017/12/1,13,114.3
2018/1/1,13,114.6
2018/2/1,13,114.3
2018/3/1,13,114.5
2018/4/1,13,114.6
2018/5/1,13,114.7
2018/6/1,13,111.1
2018/7/1,13,111
2018/8/1,13,110.8
2018/9/1,13,111
2018/10/1,13,111.3
2018/11/1,13,111.5
2018/12/1,13,111.5
2019/1/1,13,111.9
2019/2/1,13,111.8
2019/3/1,13,112.2
2019/4/1,13,112.3
2019/5/1,13,112.3
2019/6/1,13,112.6
2019/7/1,13,113
2019/8/1,13,113.6
2019/9/1,13,114
2019/10/1,13,113.8
2019/11/1,13,114.3
2019/12/1,13,114.2
2020/1/1,13,114.7
2020/2/1,13,114.6
2020/3/1,13,115.1
2020/4/1,13,114.9
2020/5/1,13,115.5
2020/6/1,13,116
2020/7/1,13,116.3
2020/8/1,13,117.1
2020/9/1,13,117.1
2020/10/1,13,117
2020/11/1,13,116.9
2020/12/1,13,116.7
2021/1/1,13,116.8
2021/2/1,13,116.4
2021/3/1,13,116.2
2021/4/1,13,116.3
2021/5/1,13,116.3
2021/6/1,13,116.4
2021/7/1,13,116.4
2021/8/1,13,116.4
2021/9/1,13,116.5
2021/10/1,13,116.8
2021/11/1,13,117
2021/12/1,13,117.2
2022/1/1,13,117.5
2022/2/1,13,117.7
2022/3/1,13,118.4
2022/4/1,13,118.4
2022/5/1,13,118.5
2022/6/1,13,119
2022/7/1,13,118.9
2022/8/1,13,119.2
2022/9/1,13,119.3
2022/10/1,13,119.6
2022/11/1,13,120
2022/12/1,13,119.9
2023/1/1,13,120.2
2023/2/1,13,120.6
2023/3/1,13,120.9
2023/4/1,13,121.4
2023/5/1,13,121.9
2023/6/1,13,122.1
2023/7/1,13,122
2023/8/1,13,122.1
2023/9/1,13,122.3
2023/10/1,13,122.3
2023/11/1,13,122.8
2023/12/1,13,123.1
2024/1/1,13,123.2
2024/2/1,13,123.6
2024/3/1,13,124.1
2024/4/1,13,125.2
2024/5/1,13,125.6
2024/6/1,13,125.5
2024/7/1,13,125.9
2024/8/1,13,126
2024/9/1,13,126.1
2024/10/1,13,126.4
2024/11/1,13,127
2024/12/1,13,127
2025/1/1,13,127.3
2025/2/1,13,128.2
