series_type,date,ron95,ron97,diesel,diesel_eastmsia
level,2017/3/30,2.13,2.41,2.11,2.11
level,2017/4/6,2.16,2.43,2.08,2.08
level,2017/4/13,2.24,2.52,2.16,2.16
level,2017/4/20,2.27,2.54,2.21,2.21
level,2017/4/27,2.21,2.49,2.14,2.14
level,2017/5/4,2.11,2.39,2.08,2.08
level,2017/5/11,2.01,2.29,1.95,1.95
level,2017/5/18,2.08,2.36,1.99,1.99
level,2017/5/25,2.12,2.4,2.03,2.03
level,2017/6/1,2.1,2.38,2.02,2.02
level,2017/6/8,2.05,2.31,1.94,1.94
level,2017/6/15,1.98,2.24,1.88,1.88
level,2017/6/22,1.91,2.17,1.88,1.88
level,2017/6/29,1.89,2.15,1.84,1.84
level,2017/7/6,1.93,2.19,1.91,1.91
level,2017/7/13,1.97,2.22,1.96,1.96
level,2017/7/20,1.97,2.22,1.96,1.96
level,2017/7/27,2.03,2.28,1.99,1.99
level,2017/8/3,2.07,2.32,2.05,2.05
level,2017/8/10,2.12,2.39,2.06,2.06
level,2017/8/17,2.15,2.43,2.04,2.04
level,2017/8/24,2.15,2.43,2.01,2.01
level,2017/8/31,2.16,2.44,2.04,2.04
level,2017/9/7,2.2,2.48,2.05,2.05
level,2017/9/14,2.21,2.52,2.14,2.14
level,2017/9/21,2.19,2.49,2.1,2.1
level,2017/9/28,2.16,2.46,2.12,2.12
level,2017/10/5,2.19,2.49,2.17,2.17
level,2017/10/12,2.16,2.46,2.1,2.1
level,2017/10/19,2.17,2.47,2.11,2.11
level,2017/10/26,2.2,2.5,2.13,2.13
level,2017/11/2,2.24,2.54,2.17,2.17
level,2017/11/9,2.31,2.6,2.2,2.2
level,2017/11/16,2.38,2.66,2.25,2.25
level,2017/11/23,2.3,2.58,2.23,2.23
level,2017/11/30,2.3,2.58,2.25,2.25
level,2017/12/7,2.29,2.57,2.21,2.21
level,2017/12/14,2.25,2.52,2.2,2.2
level,2017/12/21,2.27,2.54,2.23,2.23
level,2017/12/28,2.26,2.53,2.26,2.26
level,2018/1/4,2.29,2.56,2.32,2.32
level,2018/1/11,2.26,2.53,2.32,2.32
level,2018/1/18,2.3,2.57,2.32,2.32
level,2018/1/25,2.29,2.56,2.31,2.31
level,2018/2/1,2.31,2.58,2.34,2.34
level,2018/2/8,2.33,2.61,2.31,2.31
level,2018/2/15,2.23,2.5,2.19,2.19
level,2018/2/22,2.17,2.43,2.13,2.13
level,2018/3/1,2.2,2.47,2.18,2.18
level,2018/3/8,2.21,2.47,2.17,2.17
level,2018/3/15,2.18,2.45,2.16,2.16
level,2018/3/22,2.2,2.47,2.18,2.18
level,2018/3/29,2.2,2.47,2.18,2.18
level,2018/4/5,2.2,2.47,2.18,2.18
level,2018/4/12,2.2,2.47,2.18,2.18
level,2018/4/19,2.2,2.47,2.18,2.18
level,2018/4/26,2.2,2.47,2.18,2.18
level,2018/5/3,2.2,2.47,2.18,2.18
level,2018/5/10,2.2,2.47,2.18,2.18
level,2018/6/7,2.2,2.66,2.18,2.18
level,2018/6/14,2.2,2.6,2.18,2.18
level,2018/6/21,2.2,2.59,2.18,2.18
level,2018/6/28,2.2,2.5,2.18,2.18
level,2018/7/5,2.2,2.58,2.18,2.18
level,2018/7/12,2.2,2.59,2.18,2.18
level,2018/7/19,2.2,2.56,2.18,2.18
level,2018/7/26,2.2,2.54,2.18,2.18
level,2018/8/2,2.2,2.64,2.18,2.18
level,2018/8/9,2.2,2.61,2.18,2.18
level,2018/8/16,2.2,2.65,2.18,2.18
level,2018/8/23,2.2,2.65,2.18,2.18
level,2018/8/30,2.2,2.69,2.18,2.18
level,2018/10/1,2.2,2.79,2.18,2.18
level,2018/11/1,2.2,2.81,2.18,2.18
level,2018/12/1,2.2,2.5,2.18,2.18
level,2019/1/1,2.2,2.5,2.18,2.18
level,2019/1/5,1.93,2.23,2.04,2.04
level,2019/1/12,1.92,2.22,2.05,2.05
level,2019/1/19,1.98,2.28,2.17,2.17
level,2019/1/26,1.98,2.28,2.18,2.18
level,2019/2/2,1.93,2.23,2.18,2.18
level,2019/2/9,1.97,2.27,2.18,2.18
level,2019/2/16,1.98,2.28,2.18,2.18
level,2019/2/23,2.08,2.38,2.18,2.18
level,2019/3/2,2.08,2.43,2.18,2.18
level,2019/3/9,2.08,2.46,2.18,2.18
level,2019/3/16,2.08,2.54,2.18,2.18
level,2019/3/23,2.08,2.61,2.18,2.18
level,2019/3/30,2.08,2.63,2.18,2.18
level,2019/4/6,2.08,2.63,2.18,2.18
level,2019/4/13,2.08,2.68,2.18,2.18
level,2019/4/20,2.08,2.8,2.18,2.18
level,2019/4/27,2.08,2.81,2.18,2.18
level,2019/5/4,2.08,2.8,2.18,2.18
level,2019/5/11,2.08,2.7,2.18,2.18
level,2019/5/18,2.08,2.68,2.18,2.18
level,2019/5/25,2.08,2.76,2.18,2.18
level,2019/6/1,2.08,2.63,2.18,2.18
level,2019/6/15,2.08,2.41,2.18,2.18
level,2019/6/22,2.08,2.38,2.18,2.18
level,2019/6/29,2.08,2.49,2.18,2.18
level,2019/7/6,2.08,2.53,2.18,2.18
level,2019/7/13,2.08,2.57,2.18,2.18
level,2019/7/20,2.08,2.67,2.18,2.18
level,2019/7/27,2.08,2.56,2.18,2.18
level,2019/8/3,2.08,2.54,2.18,2.18
level,2019/8/10,2.08,2.49,2.18,2.18
level,2019/8/17,2.08,2.49,2.18,2.18
level,2019/8/24,2.08,2.51,2.18,2.18
level,2019/8/31,2.08,2.5,2.18,2.18
level,2019/9/7,2.08,2.5,2.18,2.18
level,2019/9/14,2.08,2.53,2.18,2.18
level,2019/9/21,2.08,2.67,2.18,2.18
level,2019/9/28,2.08,2.79,2.18,2.18
level,2019/10/5,2.08,2.6,2.18,2.18
level,2019/10/12,2.08,2.67,2.18,2.18
level,2019/10/19,2.08,2.68,2.18,2.18
level,2019/10/26,2.08,2.59,2.18,2.18
level,2019/11/2,2.08,2.56,2.18,2.18
level,2019/11/9,2.08,2.57,2.18,2.18
level,2019/11/16,2.08,2.7,2.18,2.18
level,2019/11/23,2.08,2.66,2.18,2.18
level,2019/11/30,2.08,2.66,2.18,2.18
level,2019/12/7,2.08,2.64,2.18,2.18
level,2019/12/14,2.08,2.64,2.18,2.18
level,2019/12/21,2.08,2.58,2.18,2.18
level,2019/12/28,2.08,2.63,2.18,2.18
level,2020/1/4,2.08,2.65,2.18,2.18
level,2020/1/11,2.08,2.62,2.18,2.18
level,2020/1/18,2.08,2.53,2.18,2.18
level,2020/1/25,2.08,2.49,2.18,2.18
level,2020/2/1,2.08,2.41,2.18,2.18
level,2020/2/8,2.04,2.34,2.08,2.08
level,2020/2/15,2.06,2.36,2.14,2.14
level,2020/2/22,2.08,2.38,2.14,2.14
level,2020/2/29,2.08,2.4,2.13,2.13
level,2020/3/7,1.89,2.19,1.96,1.96
level,2020/3/14,1.82,2.1,1.87,1.87
level,2020/3/21,1.44,1.74,1.75,1.75
level,2020/3/28,1.38,1.68,1.68,1.68
level,2020/4/4,1.3,1.6,1.58,1.58
level,2020/4/11,1.25,1.55,1.46,1.46
level,2020/4/18,1.25,1.55,1.43,1.43
level,2020/4/25,1.25,1.55,1.4,1.4
level,2020/5/2,1.25,1.55,1.4,1.4
level,2020/5/9,1.25,1.55,1.4,1.4
level,2020/5/16,1.31,1.61,1.45,1.45
level,2020/5/23,1.38,1.68,1.51,1.51
level,2020/5/30,1.43,1.73,1.61,1.61
level,2020/6/6,1.48,1.78,1.63,1.63
level,2020/6/13,1.56,1.86,1.73,1.73
level,2020/6/20,1.59,1.89,1.77,1.77
level,2020/6/27,1.69,1.99,1.86,1.86
level,2020/7/4,1.65,1.95,1.84,1.84
level,2020/7/11,1.72,2.02,1.87,1.87
level,2020/7/18,1.72,2.02,1.87,1.87
level,2020/7/25,1.68,1.98,1.82,1.82
level,2020/8/1,1.68,1.98,1.83,1.83
level,2020/8/8,1.63,1.93,1.79,1.79
level,2020/8/15,1.68,1.98,1.82,1.82
level,2020/8/22,1.71,2.01,1.8,1.8
level,2020/8/29,1.72,2.02,1.78,1.78
level,2020/9/5,1.71,2.01,1.78,1.78
level,2020/9/12,1.66,1.96,1.72,1.72
level,2020/9/19,1.63,1.93,1.67,1.67
level,2020/9/26,1.68,1.98,1.71,1.71
level,2020/10/3,1.71,2.01,1.7,1.7
level,2020/10/10,1.67,1.97,1.69,1.69
level,2020/10/17,1.68,1.98,1.74,1.74
level,2020/10/24,1.64,1.94,1.74,1.74
level,2020/10/31,1.64,1.94,1.74,1.74
level,2020/11/7,1.61,1.91,1.68,1.68
level,2020/11/14,1.62,1.92,1.74,1.74
level,2020/11/21,1.64,1.94,1.81,1.81
level,2020/11/28,1.67,1.97,1.85,1.85
level,2020/12/5,1.7,2,1.9,1.9
level,2020/12/12,1.73,2.03,1.93,1.93
level,2020/12/19,1.78,2.08,1.96,1.96
level,2020/12/26,1.8,2.1,1.98,1.98
level,2021/1/2,1.84,2.14,2.01,2.01
level,2021/1/9,1.84,2.14,2.02,2.02
level,2021/1/16,1.89,2.19,2.05,2.05
level,2021/1/23,1.9,2.2,2.09,2.09
level,2021/1/30,1.9,2.2,2.07,2.07
level,2021/2/6,1.93,2.23,2.11,2.11
level,2021/2/13,1.96,2.26,2.15,2.15
level,2021/2/20,2,2.3,2.15,2.15
level,2021/2/27,2.05,2.35,2.15,2.15
level,2021/3/4,2.05,2.35,2.15,2.15
level,2021/3/11,2.05,2.4,2.15,2.15
level,2021/3/18,2.05,2.47,2.15,2.15
level,2021/3/25,2.05,2.5,2.15,2.15
level,2021/4/1,2.05,2.52,2.15,2.15
level,2021/4/8,2.05,2.54,2.15,2.15
level,2021/4/15,2.05,2.54,2.15,2.15
level,2021/4/22,2.05,2.58,2.15,2.15
level,2021/4/29,2.05,2.58,2.15,2.15
level,2021/5/6,2.05,2.6,2.15,2.15
level,2021/5/13,2.05,2.6,2.15,2.15
level,2021/5/20,2.05,2.61,2.15,2.15
level,2021/5/27,2.05,2.61,2.15,2.15
level,2021/6/3,2.05,2.63,2.15,2.15
level,2021/6/10,2.05,2.65,2.15,2.15
level,2021/6/17,2.05,2.67,2.15,2.15
level,2021/6/24,2.05,2.67,2.15,2.15
level,2021/7/1,2.05,2.69,2.15,2.15
level,2021/7/8,2.05,2.7,2.15,2.15
level,2021/7/15,2.05,2.73,2.15,2.15
level,2021/7/22,2.05,2.73,2.15,2.15
level,2021/7/28,2.05,2.74,2.15,2.15
level,2021/8/5,2.05,2.74,2.15,2.15
level,2021/8/12,2.05,2.74,2.15,2.15
level,2021/8/19,2.05,2.74,2.15,2.15
level,2021/8/26,2.05,2.72,2.15,2.15
level,2021/9/2,2.05,2.72,2.15,2.15
level,2021/9/9,2.05,2.73,2.15,2.15
level,2021/9/16,2.05,2.73,2.15,2.15
level,2021/9/23,2.05,2.75,2.15,2.15
level,2021/9/30,2.05,2.76,2.15,2.15
level,2021/10/7,2.05,2.77,2.15,2.15
level,2021/10/14,2.05,2.87,2.15,2.15
level,2021/10/21,2.05,2.87,2.15,2.15
level,2021/10/28,2.05,2.97,2.15,2.15
level,2021/11/4,2.05,3.06,2.15,2.15
level,2021/11/11,2.05,3.08,2.15,2.15
level,2021/11/18,2.05,3.08,2.15,2.15
level,2021/11/25,2.05,3.05,2.15,2.15
level,2021/12/2,2.05,3.02,2.15,2.15
level,2021/12/9,2.05,2.99,2.15,2.15
level,2021/12/16,2.05,3,2.15,2.15
level,2021/12/23,2.05,2.99,2.15,2.15
level,2021/12/30,2.05,3,2.15,2.15
level,2022/1/6,2.05,3.03,2.15,2.15
level,2022/1/13,2.05,3.07,2.15,2.15
level,2022/1/20,2.05,3.07,2.15,2.15
level,2022/1/27,2.05,3.12,2.15,2.15
level,2022/2/3,2.05,3.12,2.15,2.15
level,2022/2/10,2.05,3.21,2.15,2.15
level,2022/2/17,2.05,3.27,2.15,2.15
level,2022/2/24,2.05,3.29,2.15,2.15
level,2022/3/3,2.05,3.45,2.15,2.15
level,2022/3/10,2.05,3.75,2.15,2.15
level,2022/3/17,2.05,4,2.15,2.15
level,2022/3/24,2.05,3.83,2.15,2.15
level,2022/3/31,2.05,3.91,2.15,2.15
level,2022/4/7,2.05,3.81,2.15,2.15
level,2022/4/14,2.05,3.81,2.15,2.15
level,2022/4/21,2.05,3.81,2.15,2.15
level,2022/4/28,2.05,3.94,2.15,2.15
level,2022/5/5,2.05,3.94,2.15,2.15
level,2022/5/12,2.05,4.31,2.15,2.15
level,2022/5/19,2.05,4.33,2.15,2.15
level,2022/5/26,2.05,4.7,2.15,2.15
level,2022/6/2,2.05,4.7,2.15,2.15
level,2022/6/9,2.05,4.72,2.15,2.15
level,2022/6/16,2.05,4.83,2.15,2.15
level,2022/6/23,2.05,4.84,2.15,2.15
level,2022/6/30,2.05,4.84,2.15,2.15
level,2022/7/7,2.05,4.8,2.15,2.15
level,2022/7/14,2.05,4.75,2.15,2.15
level,2022/7/21,2.05,4.65,2.15,2.15
level,2022/7/28,2.05,4.55,2.15,2.15
level,2022/8/4,2.05,4.5,2.15,2.15
level,2022/8/11,2.05,4.4,2.15,2.15
level,2022/8/18,2.05,4.35,2.15,2.15
level,2022/8/25,2.05,4.3,2.15,2.15
level,2022/9/1,2.05,4.3,2.15,2.15
level,2022/9/8,2.05,4.2,2.15,2.15
level,2022/9/14,2.05,4.15,2.15,2.15
level,2022/9/22,2.05,4.05,2.15,2.15
level,2022/9/29,2.05,4,2.15,2.15
level,2022/10/6,2.05,3.95,2.15,2.15
level,2022/10/13,2.05,3.95,2.15,2.15
level,2022/10/20,2.05,3.95,2.15,2.15
level,2022/10/27,2.05,3.95,2.15,2.15
level,2022/11/3,2.05,3.95,2.15,2.15
level,2022/11/10,2.05,3.95,2.15,2.15
level,2022/11/17,2.05,3.95,2.15,2.15
level,2022/11/24,2.05,3.95,2.15,2.15
level,2022/12/1,2.05,3.85,2.15,2.15
level,2022/12/8,2.05,3.75,2.15,2.15
level,2022/12/15,2.05,3.55,2.15,2.15
level,2022/12/22,2.05,3.35,2.15,2.15
level,2022/12/29,2.05,3.35,2.15,2.15
level,2023/1/5,2.05,3.35,2.15,2.15
level,2023/1/12,2.05,3.35,2.15,2.15
level,2023/1/19,2.05,3.35,2.15,2.15
level,2023/1/26,2.05,3.35,2.15,2.15
level,2023/2/2,2.05,3.35,2.15,2.15
level,2023/2/9,2.05,3.35,2.15,2.15
level,2023/2/16,2.05,3.35,2.15,2.15
level,2023/2/23,2.05,3.35,2.15,2.15
level,2023/3/2,2.05,3.35,2.15,2.15
level,2023/3/9,2.05,3.35,2.15,2.15
level,2023/3/16,2.05,3.35,2.15,2.15
level,2023/3/23,2.05,3.35,2.15,2.15
level,2023/3/30,2.05,3.35,2.15,2.15
level,2023/4/6,2.05,3.35,2.15,2.15
level,2023/4/13,2.05,3.35,2.15,2.15
level,2023/4/20,2.05,3.35,2.15,2.15
level,2023/4/27,2.05,3.35,2.15,2.15
level,2023/5/4,2.05,3.35,2.15,2.15
level,2023/5/11,2.05,3.35,2.15,2.15
level,2023/5/18,2.05,3.35,2.15,2.15
level,2023/5/25,2.05,3.35,2.15,2.15
level,2023/6/1,2.05,3.37,2.15,2.15
level,2023/6/8,2.05,3.37,2.15,2.15
level,2023/6/15,2.05,3.37,2.15,2.15
level,2023/6/22,2.05,3.37,2.15,2.15
level,2023/6/29,2.05,3.37,2.15,2.15
level,2023/7/6,2.05,3.37,2.15,2.15
level,2023/7/13,2.05,3.37,2.15,2.15
level,2023/7/20,2.05,3.37,2.15,2.15
level,2023/7/27,2.05,3.37,2.15,2.15
level,2023/8/3,2.05,3.37,2.15,2.15
level,2023/8/10,2.05,3.37,2.15,2.15
level,2023/8/17,2.05,3.37,2.15,2.15
level,2023/8/24,2.05,3.37,2.15,2.15
level,2023/8/31,2.05,3.37,2.15,2.15
level,2023/9/7,2.05,3.37,2.15,2.15
level,2023/9/14,2.05,3.37,2.15,2.15
level,2023/9/21,2.05,3.37,2.15,2.15
level,2023/9/28,2.05,3.37,2.15,2.15
level,2023/10/5,2.05,3.37,2.15,2.15
level,2023/10/12,2.05,3.37,2.15,2.15
level,2023/10/19,2.05,3.47,2.15,2.15
level,2023/10/26,2.05,3.47,2.15,2.15
level,2023/11/2,2.05,3.47,2.15,2.15
level,2023/11/9,2.05,3.47,2.15,2.15
level,2023/11/16,2.05,3.47,2.15,2.15
level,2023/11/23,2.05,3.47,2.15,2.15
level,2023/11/30,2.05,3.47,2.15,2.15
level,2023/12/7,2.05,3.47,2.15,2.15
level,2023/12/14,2.05,3.47,2.15,2.15
level,2023/12/21,2.05,3.47,2.15,2.15
level,2023/12/28,2.05,3.47,2.15,2.15
level,2024/1/4,2.05,3.47,2.15,2.15
level,2024/1/11,2.05,3.47,2.15,2.15
level,2024/1/18,2.05,3.47,2.15,2.15
level,2024/1/25,2.05,3.47,2.15,2.15
level,2024/2/1,2.05,3.47,2.15,2.15
level,2024/2/8,2.05,3.47,2.15,2.15
level,2024/2/15,2.05,3.47,2.15,2.15
level,2024/2/22,2.05,3.47,2.15,2.15
level,2024/2/29,2.05,3.47,2.15,2.15
level,2024/3/7,2.05,3.47,2.15,2.15
level,2024/3/14,2.05,3.47,2.15,2.15
level,2024/3/21,2.05,3.47,2.15,2.15
level,2024/3/28,2.05,3.47,2.15,2.15
level,2024/4/4,2.05,3.47,2.15,2.15
level,2024/4/11,2.05,3.47,2.15,2.15
level,2024/4/18,2.05,3.47,2.15,2.15
level,2024/4/25,2.05,3.47,2.15,2.15
level,2024/5/2,2.05,3.47,2.15,2.15
level,2024/5/9,2.05,3.47,2.15,2.15
level,2024/5/16,2.05,3.47,2.15,2.15
level,2024/5/23,2.05,3.47,2.15,2.15
level,2024/5/30,2.05,3.47,2.15,2.15
level,2024/6/6,2.05,3.47,2.15,2.15
level,2024/6/10,2.05,3.47,3.35,2.15
level,2024/6/13,2.05,3.47,3.35,2.15
level,2024/6/20,2.05,3.47,3.35,2.15
level,2024/6/27,2.05,3.47,3.35,2.15
level,2024/7/4,2.05,3.47,3.35,2.15
level,2024/7/11,2.05,3.47,3.35,2.15
level,2024/7/18,2.05,3.47,3.35,2.15
level,2024/7/25,2.05,3.47,3.35,2.15
level,2024/8/1,2.05,3.47,3.35,2.15
level,2024/8/8,2.05,3.47,3.3,2.15
level,2024/8/15,2.05,3.47,3.25,2.15
level,2024/8/22,2.05,3.47,3.23,2.15
level,2024/8/29,2.05,3.42,3.18,2.15
level,2024/9/5,2.05,3.4,3.16,2.15
level,2024/9/12,2.05,3.25,3.01,2.15
level,2024/9/19,2.05,3.19,2.95,2.15
level,2024/9/26,2.05,3.19,2.95,2.15
level,2024/10/3,2.05,3.19,2.95,2.15
level,2024/10/10,2.05,3.19,2.95,2.15
level,2024/10/17,2.05,3.19,2.95,2.15
level,2024/10/24,2.05,3.19,2.95,2.15
level,2024/10/31,2.05,3.19,2.95,2.15
level,2024/11/7,2.05,3.19,2.95,2.15
level,2024/11/14,2.05,3.19,2.95,2.15
level,2024/11/21,2.05,3.19,2.95,2.15
level,2024/11/28,2.05,3.19,2.95,2.15
level,2024/12/5,2.05,3.19,2.95,2.15
level,2024/12/12,2.05,3.19,2.95,2.15
level,2024/12/19,2.05,3.22,2.95,2.15
level,2024/12/26,2.05,3.25,2.95,2.15
level,2025/1/2,2.05,3.28,2.98,2.15
level,2025/1/9,2.05,3.33,3.03,2.15
level,2025/1/16,2.05,3.38,3.08,2.15
level,2025/1/23,2.05,3.43,3.13,2.15
level,2025/1/30,2.05,3.43,3.18,2.15
level,2025/2/6,2.05,3.43,3.18,2.15
level,2025/2/13,2.05,3.43,3.18,2.15
level,2025/2/20,2.05,3.43,3.18,2.15
level,2025/2/27,2.05,3.43,3.18,2.15
level,2025/3/6,2.05,3.38,3.13,2.15
level,2025/3/13,2.05,3.28,3.06,2.15
level,2025/3/20,2.05,3.28,3.03,2.15
level,2025/3/27,2.05,3.28,3.03,2.15
level,2025/4/3,2.05,3.33,3.03,2.15
change_weekly,2017/4/6,0.03000000000000025,0.020000000000000018,-0.03,-0.03
change_weekly,2017/4/13,0.08000000000000007,0.08999999999999986,0.08000000000000007,0.08000000000000007
change_weekly,2017/4/20,0.029999999999999805,0.020000000000000018,0.04999999999999982,0.04999999999999982
change_weekly,2017/4/27,-0.06,-0.05,-0.07,-0.07
change_weekly,2017/5/4,-0.1,-0.1,-0.06,-0.06
change_weekly,2017/5/11,-0.1,-0.1,-0.13,-0.13
change_weekly,2017/5/18,0.07000000000000028,0.06999999999999984,0.040000000000000036,0.040000000000000036
change_weekly,2017/5/25,0.040000000000000036,0.040000000000000036,0.039999999999999813,0.039999999999999813
change_weekly,2017/6/1,-0.02,-0.02,-0.01,-0.01
change_weekly,2017/6/8,-0.05,-0.07,-0.08,-0.08
change_weekly,2017/6/15,-0.07,-0.07,-0.06,-0.06
change_weekly,2017/6/22,-0.07,-0.07,0,0
change_weekly,2017/6/29,-0.02,-0.02,-0.04,-0.04
change_weekly,2017/7/6,0.040000000000000036,0.040000000000000036,0.06999999999999984,0.06999999999999984
change_weekly,2017/7/13,0.040000000000000036,0.03000000000000025,0.050000000000000044,0.050000000000000044
change_weekly,2017/7/20,0,0,0,0
change_weekly,2017/7/27,0.05999999999999983,0.05999999999999961,0.030000000000000027,0.030000000000000027
change_weekly,2017/8/3,0.040000000000000036,0.040000000000000036,0.05999999999999983,0.05999999999999983
change_weekly,2017/8/10,0.050000000000000266,0.07000000000000028,0.010000000000000231,0.010000000000000231
change_weekly,2017/8/17,0.029999999999999805,0.040000000000000036,-0.02,-0.02
change_weekly,2017/8/24,0,0,-0.03,-0.03
change_weekly,2017/8/31,0.010000000000000231,0.009999999999999787,0.03000000000000025,0.03000000000000025
change_weekly,2017/9/7,0.040000000000000036,0.040000000000000036,0.009999999999999787,0.009999999999999787
change_weekly,2017/9/14,0.009999999999999787,0.040000000000000036,0.0900000000000003,0.0900000000000003
change_weekly,2017/9/21,-0.02,-0.03,-0.04,-0.04
change_weekly,2017/9/28,-0.03,-0.03,0.020000000000000018,0.020000000000000018
change_weekly,2017/10/5,0.029999999999999805,0.03000000000000025,0.04999999999999982,0.04999999999999982
change_weekly,2017/10/12,-0.03,-0.03,-0.07,-0.07
change_weekly,2017/10/19,0.009999999999999787,0.010000000000000231,0.009999999999999787,0.009999999999999787
change_weekly,2017/10/26,0.03000000000000025,0.029999999999999805,0.020000000000000018,0.020000000000000018
change_weekly,2017/11/2,0.040000000000000036,0.040000000000000036,0.040000000000000036,0.040000000000000036
change_weekly,2017/11/9,0.06999999999999984,0.06000000000000005,0.03000000000000025,0.03000000000000025
change_weekly,2017/11/16,0.06999999999999984,0.06000000000000005,0.04999999999999982,0.04999999999999982
change_weekly,2017/11/23,-0.08,-0.08,-0.02,-0.02
change_weekly,2017/11/30,0,0,0.020000000000000018,0.020000000000000018
change_weekly,2017/12/7,-0.01,-0.01,-0.04,-0.04
change_weekly,2017/12/14,-0.04,-0.05,-0.01,-0.01
change_weekly,2017/12/21,0.020000000000000018,0.020000000000000018,0.029999999999999805,0.029999999999999805
change_weekly,2017/12/28,-0.01,-0.01,0.029999999999999805,0.029999999999999805
change_weekly,2018/1/4,0.03000000000000025,0.03000000000000025,0.06000000000000005,0.06000000000000005
change_weekly,2018/1/11,-0.03,-0.03,0,0
change_weekly,2018/1/18,0.040000000000000036,0.040000000000000036,0,0
change_weekly,2018/1/25,-0.01,-0.01,-0.01,-0.01
change_weekly,2018/2/1,0.020000000000000018,0.020000000000000018,0.029999999999999805,0.029999999999999805
change_weekly,2018/2/8,0.020000000000000018,0.029999999999999805,-0.03,-0.03
change_weekly,2018/2/15,-0.1,-0.11,-0.12,-0.12
change_weekly,2018/2/22,-0.06,-0.07,-0.06,-0.06
change_weekly,2018/3/1,0.03000000000000025,0.040000000000000036,0.050000000000000266,0.050000000000000266
change_weekly,2018/3/8,0.009999999999999787,0,-0.01,-0.01
change_weekly,2018/3/15,-0.03,-0.02,-0.01,-0.01
change_weekly,2018/3/22,0.020000000000000018,0.020000000000000018,0.020000000000000018,0.020000000000000018
change_weekly,2018/3/29,0,0,0,0
change_weekly,2018/4/5,0,0,0,0
change_weekly,2018/4/12,0,0,0,0
change_weekly,2018/4/19,0,0,0,0
change_weekly,2018/4/26,0,0,0,0
change_weekly,2018/5/3,0,0,0,0
change_weekly,2018/5/10,0,0,0,0
change_weekly,2018/6/7,0,0.18999999999999995,0,0
change_weekly,2018/6/14,0,-0.06,0,0
change_weekly,2018/6/21,0,-0.01,0,0
change_weekly,2018/6/28,0,-0.09,0,0
change_weekly,2018/7/5,0,0.08000000000000007,0,0
change_weekly,2018/7/12,0,0.009999999999999787,0,0
change_weekly,2018/7/19,0,-0.03,0,0
change_weekly,2018/7/26,0,-0.02,0,0
change_weekly,2018/8/2,0,0.10000000000000009,0,0
change_weekly,2018/8/9,0,-0.03,0,0
change_weekly,2018/8/16,0,0.040000000000000036,0,0
change_weekly,2018/8/23,0,0,0,0
change_weekly,2018/8/30,0,0.040000000000000036,0,0
change_weekly,2018/10/1,0,0.10000000000000009,0,0
change_weekly,2018/11/1,0,0.020000000000000018,0,0
change_weekly,2018/12/1,0,-0.31,0,0
change_weekly,2019/1/1,0,0,0,0
change_weekly,2019/1/5,-0.27,-0.27,-0.14,-0.14
change_weekly,2019/1/12,-0.01,-0.01,0.009999999999999787,0.009999999999999787
change_weekly,2019/1/19,0.06000000000000005,0.05999999999999961,0.1200000000000001,0.1200000000000001
change_weekly,2019/1/26,0,0,0.010000000000000231,0.010000000000000231
change_weekly,2019/2/2,-0.05,-0.05,0,0
change_weekly,2019/2/9,0.040000000000000036,0.040000000000000036,0,0
change_weekly,2019/2/16,0.010000000000000009,0.009999999999999787,0,0
change_weekly,2019/2/23,0.10000000000000009,0.10000000000000009,0,0
change_weekly,2019/3/2,0,0.050000000000000266,0,0
change_weekly,2019/3/9,0,0.029999999999999805,0,0
change_weekly,2019/3/16,0,0.08000000000000007,0,0
change_weekly,2019/3/23,0,0.06999999999999984,0,0
change_weekly,2019/3/30,0,0.020000000000000018,0,0
change_weekly,2019/4/6,0,0,0,0
change_weekly,2019/4/13,0,0.050000000000000266,0,0
change_weekly,2019/4/20,0,0.11999999999999966,0,0
change_weekly,2019/4/27,0,0.010000000000000231,0,0
change_weekly,2019/5/4,0,-0.01,0,0
change_weekly,2019/5/11,0,-0.1,0,0
change_weekly,2019/5/18,0,-0.02,0,0
change_weekly,2019/5/25,0,0.07999999999999963,0,0
change_weekly,2019/6/1,0,-0.13,0,0
change_weekly,2019/6/15,0,-0.22,0,0
change_weekly,2019/6/22,0,-0.03,0,0
change_weekly,2019/6/29,0,0.11000000000000032,0,0
change_weekly,2019/7/6,0,0.03999999999999959,0,0
change_weekly,2019/7/13,0,0.040000000000000036,0,0
change_weekly,2019/7/20,0,0.10000000000000009,0,0
change_weekly,2019/7/27,0,-0.11,0,0
change_weekly,2019/8/3,0,-0.02,0,0
change_weekly,2019/8/10,0,-0.05,0,0
change_weekly,2019/8/17,0,0,0,0
change_weekly,2019/8/24,0,0.019999999999999574,0,0
change_weekly,2019/8/31,0,-0.01,0,0
change_weekly,2019/9/7,0,0,0,0
change_weekly,2019/9/14,0,0.029999999999999805,0,0
change_weekly,2019/9/21,0,0.14000000000000012,0,0
change_weekly,2019/9/28,0,0.1200000000000001,0,0
change_weekly,2019/10/5,0,-0.19,0,0
change_weekly,2019/10/12,0,0.06999999999999984,0,0
change_weekly,2019/10/19,0,0.010000000000000231,0,0
change_weekly,2019/10/26,0,-0.09,0,0
change_weekly,2019/11/2,0,-0.03,0,0
change_weekly,2019/11/9,0,0.009999999999999787,0,0
change_weekly,2019/11/16,0,0.13000000000000034,0,0
change_weekly,2019/11/23,0,-0.04,0,0
change_weekly,2019/11/30,0,0,0,0
change_weekly,2019/12/7,0,-0.02,0,0
change_weekly,2019/12/14,0,0,0,0
change_weekly,2019/12/21,0,-0.06,0,0
change_weekly,2019/12/28,0,0.04999999999999982,0,0
change_weekly,2020/1/4,0,0.020000000000000018,0,0
change_weekly,2020/1/11,0,-0.03,0,0
change_weekly,2020/1/18,0,-0.09,0,0
change_weekly,2020/1/25,0,-0.04,0,0
change_weekly,2020/2/1,0,-0.08,0,0
change_weekly,2020/2/8,-0.04,-0.07,-0.1,-0.1
change_weekly,2020/2/15,0.020000000000000018,0.020000000000000018,0.06000000000000005,0.06000000000000005
change_weekly,2020/2/22,0.020000000000000018,0.020000000000000018,0,0
change_weekly,2020/2/29,0,0.020000000000000018,-0.01,-0.01
change_weekly,2020/3/7,-0.19,-0.21,-0.17,-0.17
change_weekly,2020/3/14,-0.07,-0.09,-0.09,-0.09
change_weekly,2020/3/21,-0.38,-0.36,-0.12,-0.12
change_weekly,2020/3/28,-0.06,-0.06,-0.07,-0.07
change_weekly,2020/4/4,-0.08,-0.08,-0.1,-0.1
change_weekly,2020/4/11,-0.05,-0.05,-0.12,-0.12
change_weekly,2020/4/18,0,0,-0.03,-0.03
change_weekly,2020/4/25,0,0,-0.03,-0.03
change_weekly,2020/5/2,0,0,0,0
change_weekly,2020/5/9,0,0,0,0
change_weekly,2020/5/16,0.06000000000000005,0.06000000000000005,0.050000000000000044,0.050000000000000044
change_weekly,2020/5/23,0.06999999999999984,0.06999999999999984,0.06000000000000005,0.06000000000000005
change_weekly,2020/5/30,0.050000000000000044,0.050000000000000044,0.10000000000000009,0.10000000000000009
change_weekly,2020/6/6,0.050000000000000044,0.050000000000000044,0.019999999999999796,0.019999999999999796
change_weekly,2020/6/13,0.08000000000000007,0.08000000000000007,0.10000000000000009,0.10000000000000009
change_weekly,2020/6/20,0.030000000000000027,0.029999999999999805,0.040000000000000036,0.040000000000000036
change_weekly,2020/6/27,0.09999999999999987,0.10000000000000009,0.09000000000000008,0.09000000000000008
change_weekly,2020/7/4,-0.04,-0.04,-0.02,-0.02
change_weekly,2020/7/11,0.07000000000000006,0.07000000000000006,0.030000000000000027,0.030000000000000027
change_weekly,2020/7/18,0,0,0,0
change_weekly,2020/7/25,-0.04,-0.04,-0.05,-0.05
change_weekly,2020/8/1,0,0,0.010000000000000009,0.010000000000000009
change_weekly,2020/8/8,-0.05,-0.05,-0.04,-0.04
change_weekly,2020/8/15,0.050000000000000044,0.050000000000000044,0.030000000000000027,0.030000000000000027
change_weekly,2020/8/22,0.030000000000000027,0.029999999999999805,-0.02,-0.02
change_weekly,2020/8/29,0.010000000000000009,0.010000000000000231,-0.02,-0.02
change_weekly,2020/9/5,-0.01,-0.01,0,0
change_weekly,2020/9/12,-0.05,-0.05,-0.06,-0.06
change_weekly,2020/9/19,-0.03,-0.03,-0.05,-0.05
change_weekly,2020/9/26,0.050000000000000044,0.050000000000000044,0.040000000000000036,0.040000000000000036
change_weekly,2020/10/3,0.030000000000000027,0.029999999999999805,-0.01,-0.01
change_weekly,2020/10/10,-0.04,-0.04,-0.01,-0.01
change_weekly,2020/10/17,0.010000000000000009,0.010000000000000009,0.050000000000000044,0.050000000000000044
change_weekly,2020/10/24,-0.04,-0.04,0,0
change_weekly,2020/10/31,0,0,0,0
change_weekly,2020/11/7,-0.03,-0.03,-0.06,-0.06
change_weekly,2020/11/14,0.010000000000000009,0.010000000000000009,0.06000000000000005,0.06000000000000005
change_weekly,2020/11/21,0.019999999999999796,0.020000000000000018,0.07000000000000006,0.07000000000000006
change_weekly,2020/11/28,0.030000000000000027,0.030000000000000027,0.040000000000000036,0.040000000000000036
change_weekly,2020/12/5,0.030000000000000027,0.030000000000000027,0.04999999999999982,0.04999999999999982
change_weekly,2020/12/12,0.030000000000000027,0.029999999999999805,0.030000000000000027,0.030000000000000027
change_weekly,2020/12/19,0.050000000000000044,0.050000000000000266,0.030000000000000027,0.030000000000000027
change_weekly,2020/12/26,0.020000000000000018,0.020000000000000018,0.020000000000000018,0.020000000000000018
change_weekly,2021/1/2,0.040000000000000036,0.040000000000000036,0.029999999999999805,0.029999999999999805
change_weekly,2021/1/9,0,0,0.010000000000000231,0.010000000000000231
change_weekly,2021/1/16,0.04999999999999982,0.04999999999999982,0.029999999999999805,0.029999999999999805
change_weekly,2021/1/23,0.010000000000000009,0.010000000000000231,0.040000000000000036,0.040000000000000036
change_weekly,2021/1/30,0,0,-0.02,-0.02
change_weekly,2021/2/6,0.030000000000000027,0.029999999999999805,0.040000000000000036,0.040000000000000036
change_weekly,2021/2/13,0.030000000000000027,0.029999999999999805,0.040000000000000036,0.040000000000000036
change_weekly,2021/2/20,0.040000000000000036,0.040000000000000036,0,0
change_weekly,2021/2/27,0.04999999999999982,0.050000000000000266,0,0
change_weekly,2021/3/4,0,0,0,0
change_weekly,2021/3/11,0,0.04999999999999982,0,0
change_weekly,2021/3/18,0,0.07000000000000028,0,0
change_weekly,2021/3/25,0,0.029999999999999805,0,0
change_weekly,2021/4/1,0,0.020000000000000018,0,0
change_weekly,2021/4/8,0,0.020000000000000018,0,0
change_weekly,2021/4/15,0,0,0,0
change_weekly,2021/4/22,0,0.040000000000000036,0,0
change_weekly,2021/4/29,0,0,0,0
change_weekly,2021/5/6,0,0.020000000000000018,0,0
change_weekly,2021/5/13,0,0,0,0
change_weekly,2021/5/20,0,0.009999999999999787,0,0
change_weekly,2021/5/27,0,0,0,0
change_weekly,2021/6/3,0,0.020000000000000018,0,0
change_weekly,2021/6/10,0,0.020000000000000018,0,0
change_weekly,2021/6/17,0,0.020000000000000018,0,0
change_weekly,2021/6/24,0,0,0,0
change_weekly,2021/7/1,0,0.020000000000000018,0,0
change_weekly,2021/7/8,0,0.010000000000000231,0,0
change_weekly,2021/7/15,0,0.029999999999999805,0,0
change_weekly,2021/7/22,0,0,0,0
change_weekly,2021/7/28,0,0.010000000000000231,0,0
change_weekly,2021/8/5,0,0,0,0
change_weekly,2021/8/12,0,0,0,0
change_weekly,2021/8/19,0,0,0,0
change_weekly,2021/8/26,0,-0.02,0,0
change_weekly,2021/9/2,0,0,0,0
change_weekly,2021/9/9,0,0.009999999999999787,0,0
change_weekly,2021/9/16,0,0,0,0
change_weekly,2021/9/23,0,0.020000000000000018,0,0
change_weekly,2021/9/30,0,0.009999999999999787,0,0
change_weekly,2021/10/7,0,0.010000000000000231,0,0
change_weekly,2021/10/14,0,0.10000000000000009,0,0
change_weekly,2021/10/21,0,0,0,0
change_weekly,2021/10/28,0,0.10000000000000009,0,0
change_weekly,2021/11/4,0,0.08999999999999986,0,0
change_weekly,2021/11/11,0,0.020000000000000018,0,0
change_weekly,2021/11/18,0,0,0,0
change_weekly,2021/11/25,0,-0.03,0,0
change_weekly,2021/12/2,0,-0.03,0,0
change_weekly,2021/12/9,0,-0.03,0,0
change_weekly,2021/12/16,0,0.009999999999999787,0,0
change_weekly,2021/12/23,0,-0.01,0,0
change_weekly,2021/12/30,0,0.009999999999999787,0,0
change_weekly,2022/1/6,0,0.029999999999999805,0,0
change_weekly,2022/1/13,0,0.040000000000000036,0,0
change_weekly,2022/1/20,0,0,0,0
change_weekly,2022/1/27,0,0.050000000000000266,0,0
change_weekly,2022/2/3,0,0,0,0
change_weekly,2022/2/10,0,0.08999999999999986,0,0
change_weekly,2022/2/17,0,0.06000000000000005,0,0
change_weekly,2022/2/24,0,0.020000000000000018,0,0
change_weekly,2022/3/3,0,0.16000000000000014,0,0
change_weekly,2022/3/10,0,0.2999999999999998,0,0
change_weekly,2022/3/17,0,0.25,0,0
change_weekly,2022/3/24,0,-0.17,0,0
change_weekly,2022/3/31,0,0.08000000000000007,0,0
change_weekly,2022/4/7,0,-0.1,0,0
change_weekly,2022/4/14,0,0,0,0
change_weekly,2022/4/21,0,0,0,0
change_weekly,2022/4/28,0,0.1299999999999999,0,0
change_weekly,2022/5/5,0,0,0,0
change_weekly,2022/5/12,0,0.36999999999999966,0,0
change_weekly,2022/5/19,0,0.020000000000000462,0,0
change_weekly,2022/5/26,0,0.3700000000000001,0,0
change_weekly,2022/6/2,0,0,0,0
change_weekly,2022/6/9,0,0.019999999999999574,0,0
change_weekly,2022/6/16,0,0.11000000000000032,0,0
change_weekly,2022/6/23,0,0.009999999999999787,0,0
change_weekly,2022/6/30,0,0,0,0
change_weekly,2022/7/7,0,-0.04,0,0
change_weekly,2022/7/14,0,-0.05,0,0
change_weekly,2022/7/21,0,-0.1,0,0
change_weekly,2022/7/28,0,-0.1,0,0
change_weekly,2022/8/4,0,-0.05,0,0
change_weekly,2022/8/11,0,-0.1,0,0
change_weekly,2022/8/18,0,-0.05,0,0
change_weekly,2022/8/25,0,-0.05,0,0
change_weekly,2022/9/1,0,0,0,0
change_weekly,2022/9/8,0,-0.1,0,0
change_weekly,2022/9/14,0,-0.05,0,0
change_weekly,2022/9/22,0,-0.1,0,0
change_weekly,2022/9/29,0,-0.05,0,0
change_weekly,2022/10/6,0,-0.05,0,0
change_weekly,2022/10/13,0,0,0,0
change_weekly,2022/10/20,0,0,0,0
change_weekly,2022/10/27,0,0,0,0
change_weekly,2022/11/3,0,0,0,0
change_weekly,2022/11/10,0,0,0,0
change_weekly,2022/11/17,0,0,0,0
change_weekly,2022/11/24,0,0,0,0
change_weekly,2022/12/1,0,-0.1,0,0
change_weekly,2022/12/8,0,-0.1,0,0
change_weekly,2022/12/15,0,-0.2,0,0
change_weekly,2022/12/22,0,-0.2,0,0
change_weekly,2022/12/29,0,0,0,0
change_weekly,2023/1/5,0,0,0,0
change_weekly,2023/1/12,0,0,0,0
change_weekly,2023/1/19,0,0,0,0
change_weekly,2023/1/26,0,0,0,0
change_weekly,2023/2/2,0,0,0,0
change_weekly,2023/2/9,0,0,0,0
change_weekly,2023/2/16,0,0,0,0
change_weekly,2023/2/23,0,0,0,0
change_weekly,2023/3/2,0,0,0,0
change_weekly,2023/3/9,0,0,0,0
change_weekly,2023/3/16,0,0,0,0
change_weekly,2023/3/23,0,0,0,0
change_weekly,2023/3/30,0,0,0,0
change_weekly,2023/4/6,0,0,0,0
change_weekly,2023/4/13,0,0,0,0
change_weekly,2023/4/20,0,0,0,0
change_weekly,2023/4/27,0,0,0,0
change_weekly,2023/5/4,0,0,0,0
change_weekly,2023/5/11,0,0,0,0
change_weekly,2023/5/18,0,0,0,0
change_weekly,2023/5/25,0,0,0,0
change_weekly,2023/6/1,0,0.020000000000000018,0,0
change_weekly,2023/6/8,0,0,0,0
change_weekly,2023/6/15,0,0,0,0
change_weekly,2023/6/22,0,0,0,0
change_weekly,2023/6/29,0,0,0,0
change_weekly,2023/7/6,0,0,0,0
change_weekly,2023/7/13,0,0,0,0
change_weekly,2023/7/20,0,0,0,0
change_weekly,2023/7/27,0,0,0,0
change_weekly,2023/8/3,0,0,0,0
change_weekly,2023/8/10,0,0,0,0
change_weekly,2023/8/17,0,0,0,0
change_weekly,2023/8/24,0,0,0,0
change_weekly,2023/8/31,0,0,0,0
change_weekly,2023/9/7,0,0,0,0
change_weekly,2023/9/14,0,0,0,0
change_weekly,2023/9/21,0,0,0,0
change_weekly,2023/9/28,0,0,0,0
change_weekly,2023/10/5,0,0,0,0
change_weekly,2023/10/12,0,0,0,0
change_weekly,2023/10/19,0,0.10000000000000009,0,0
change_weekly,2023/10/26,0,0,0,0
change_weekly,2023/11/2,0,0,0,0
change_weekly,2023/11/9,0,0,0,0
change_weekly,2023/11/16,0,0,0,0
change_weekly,2023/11/23,0,0,0,0
change_weekly,2023/11/30,0,0,0,0
change_weekly,2023/12/7,0,0,0,0
change_weekly,2023/12/14,0,0,0,0
change_weekly,2023/12/21,0,0,0,0
change_weekly,2023/12/28,0,0,0,0
change_weekly,2024/1/4,0,0,0,0
change_weekly,2024/1/11,0,0,0,0
change_weekly,2024/1/18,0,0,0,0
change_weekly,2024/1/25,0,0,0,0
change_weekly,2024/2/1,0,0,0,0
change_weekly,2024/2/8,0,0,0,0
change_weekly,2024/2/15,0,0,0,0
change_weekly,2024/2/22,0,0,0,0
change_weekly,2024/2/29,0,0,0,0
change_weekly,2024/3/7,0,0,0,0
change_weekly,2024/3/14,0,0,0,0
change_weekly,2024/3/21,0,0,0,0
change_weekly,2024/3/28,0,0,0,0
change_weekly,2024/4/4,0,0,0,0
change_weekly,2024/4/11,0,0,0,0
change_weekly,2024/4/18,0,0,0,0
change_weekly,2024/4/25,0,0,0,0
change_weekly,2024/5/2,0,0,0,0
change_weekly,2024/5/9,0,0,0,0
change_weekly,2024/5/16,0,0,0,0
change_weekly,2024/5/23,0,0,0,0
change_weekly,2024/5/30,0,0,0,0
change_weekly,2024/6/6,0,0,0,0
change_weekly,2024/6/10,0,0,1.2000000000000002,0
change_weekly,2024/6/13,0,0,0,0
change_weekly,2024/6/20,0,0,0,0
change_weekly,2024/6/27,0,0,0,0
change_weekly,2024/7/4,0,0,0,0
change_weekly,2024/7/11,0,0,0,0
change_weekly,2024/7/18,0,0,0,0
change_weekly,2024/7/25,0,0,0,0
change_weekly,2024/8/1,0,0,0,0
change_weekly,2024/8/8,0,0,-0.05,0
change_weekly,2024/8/15,0,0,-0.05,0
change_weekly,2024/8/22,0,0,-0.02,0
change_weekly,2024/8/29,0,-0.05,-0.05,0
change_weekly,2024/9/5,0,-0.02,-0.02,0
change_weekly,2024/9/12,0,-0.15,-0.15,0
change_weekly,2024/9/19,0,-0.06,-0.06,0
change_weekly,2024/9/26,0,0,0,0
change_weekly,2024/10/3,0,0,0,0
change_weekly,2024/10/10,0,0,0,0
change_weekly,2024/10/17,0,0,0,0
change_weekly,2024/10/24,0,0,0,0
change_weekly,2024/10/31,0,0,0,0
change_weekly,2024/11/7,0,0,0,0
change_weekly,2024/11/14,0,0,0,0
change_weekly,2024/11/21,0,0,0,0
change_weekly,2024/11/28,0,0,0,0
change_weekly,2024/12/5,0,0,0,0
change_weekly,2024/12/12,0,0,0,0
change_weekly,2024/12/19,0,0.03000000000000025,0,0
change_weekly,2024/12/26,0,0.029999999999999805,0,0
change_weekly,2025/1/2,0,0.029999999999999805,0.029999999999999805,0
change_weekly,2025/1/9,0,0.050000000000000266,0.04999999999999982,0
change_weekly,2025/1/16,0,0.04999999999999982,0.050000000000000266,0
change_weekly,2025/1/23,0,0.050000000000000266,0.04999999999999982,0
change_weekly,2025/1/30,0,0,0.050000000000000266,0
change_weekly,2025/2/6,0,0,0,0
change_weekly,2025/2/13,0,0,0,0
change_weekly,2025/2/20,0,0,0,0
change_weekly,2025/2/27,0,0,0,0
change_weekly,2025/3/6,0,-0.05,-0.05,0
change_weekly,2025/3/13,0,-0.1,-0.07,0
change_weekly,2025/3/20,0,0,-0.03,0
change_weekly,2025/3/27,0,0,0,0
change_weekly,2025/4/3,0,0.050000000000000266,0,0
